CallLTP, CallIV, CallDelta, Strikes, PutDelta, PutIV, PutLTP, Date, Time, Spotprice
-,-,-,23300,-0.09,392.29,0.8,07-Jan-2021,09:20,32123.85
-,-,-,23400,-0.1,394.73,1,07-Jan-2021,09:20,32123.85
-,-,-,23500,-0.08,378.4,0.7,07-Jan-2021,09:20,32123.85
-,-,-,24000,-0.09,356.64,0.75,07-Jan-2021,09:20,32123.85
-,-,-,24500,-0.07,322.37,0.5,07-Jan-2021,09:20,32123.85
-,-,-,25000,-0.07,299.93,0.5,07-Jan-2021,09:20,32123.85
-,-,-,26000,-0.09,258.1,0.55,07-Jan-2021,09:20,32123.85
-,-,-,26500,-0.11,239.86,0.65,07-Jan-2021,09:20,32123.85
-,-,-,27000,-0.15,223.5,0.85,07-Jan-2021,09:20,32123.85
-,-,-,27100,-0.18,222.39,1,07-Jan-2021,09:20,32123.85
-,-,-,27500,-0.2,205.73,1.05,07-Jan-2021,09:20,32123.85
-,-,-,27600,-0.19,199.46,0.95,07-Jan-2021,09:20,32123.85
-,-,-,27800,-0.21,191.69,1,07-Jan-2021,09:20,32123.85
-,-,-,27900,-0.3,194.87,1.5,07-Jan-2021,09:20,32123.85
-,-,-,28000,-0.24,185.46,1.15,07-Jan-2021,09:20,32123.85
-,-,-,28100,-0.22,178.67,1,07-Jan-2021,09:20,32123.85
-,-,-,28200,-0.35,183.76,1.7,07-Jan-2021,09:20,32123.85
-,-,-,28300,-0.26,172.34,1.15,07-Jan-2021,09:20,32123.85
-,-,-,28400,-0.28,169.36,1.25,07-Jan-2021,09:20,32123.85
-,-,-,28500,-0.27,163.62,1.15,07-Jan-2021,09:20,32123.85
-,-,-,28600,-0.33,162.45,1.4,07-Jan-2021,09:20,32123.85
-,-,-,28700,-0.35,158.6,1.45,07-Jan-2021,09:20,32123.85
-,-,-,28800,-0.3,151.23,1.2,07-Jan-2021,09:20,32123.85
-,-,-,28900,-0.34,148.66,1.35,07-Jan-2021,09:20,32123.85
-,-,-,29000,-0.37,144.82,1.4,07-Jan-2021,09:20,32123.85
-,-,-,29100,-0.4,141.44,1.5,07-Jan-2021,09:20,32123.85
-,-,-,29200,-0.43,137.97,1.6,07-Jan-2021,09:20,32123.85
-,-,-,29300,-0.43,133.07,1.55,07-Jan-2021,09:20,32123.85
-,-,-,29400,-0.46,129.08,1.6,07-Jan-2021,09:20,32123.85
-,-,-,29500,-0.5,125.48,1.7,07-Jan-2021,09:20,32123.85
-,-,-,29600,-0.5,120.62,1.65,07-Jan-2021,09:20,32123.85
-,-,-,29700,-0.55,116.93,1.75,07-Jan-2021,09:20,32123.85
-,-,-,29800,-0.58,112.82,1.8,07-Jan-2021,09:20,32123.85
2179.9,0,0,29900,-0.64,109.33,1.95,07-Jan-2021,09:20,32123.85
2060,0,0,30000,-0.68,105.12,2,07-Jan-2021,09:20,32123.85
-,-,-,30100,-0.76,101.73,2.2,07-Jan-2021,09:20,32123.85
1853.95,0,0,30200,-0.83,97.67,2.3,07-Jan-2021,09:20,32123.85
-,-,-,30300,-0.94,94.26,2.55,07-Jan-2021,09:20,32123.85
1670,0,0,30400,-1.03,90.25,2.7,07-Jan-2021,09:20,32123.85
1601,0,0,30500,-1.15,86.54,2.95,07-Jan-2021,09:20,32123.85
1496.35,0,0,30600,-1.29,82.67,3.2,07-Jan-2021,09:20,32123.85
1360,0,0,30700,-1.54,79.6,3.75,07-Jan-2021,09:20,32123.85
1281.85,0,0,30800,-1.75,75.65,4.1,07-Jan-2021,09:20,32123.85
1205.6,0,0,30900,-2.06,72.12,4.7,07-Jan-2021,09:20,32123.85
1095.75,0,0,31000,-2.39,68.2,5.25,07-Jan-2021,09:20,32123.85
1000.8,0,0,31100,-2.79,64.21,5.9,07-Jan-2021,09:20,32123.85
899,0,0,31200,-3.31,60.19,6.7,07-Jan-2021,09:20,32123.85
809.35,0,0,31300,-4.17,56.87,8.25,07-Jan-2021,09:20,32123.85
707.5,0,0,31400,-5.36,53.63,10.4,07-Jan-2021,09:20,32123.85
602.85,0,0,31500,-6.98,50.34,13.3,07-Jan-2021,09:20,32123.85
508.7,0,0,31600,-9.2,46.98,17.25,07-Jan-2021,09:20,32123.85
415.35,0,0,31700,-12.51,43.88,23.35,07-Jan-2021,09:20,32123.85
326.05,18.39,98.15,31800,-17.94,42.02,35,07-Jan-2021,09:20,32123.85
247.75,28.38,82.57,31900,-25.76,41.05,54.6,07-Jan-2021,09:20,32123.85
178.7,30.8,68.48,32000,-35.89,41.29,86.4,07-Jan-2021,09:20,32123.85
123.45,32.51,53.77,32100,-46.98,41.72,129.65,07-Jan-2021,09:20,32123.85
81.1,33.7,39.88,32200,-57.78,43.5,188.6,07-Jan-2021,09:20,32123.85
52.9,35.42,28.32,32300,-67.03,45.83,259.1,07-Jan-2021,09:20,32123.85
33.35,36.85,19.3,32400,-74.12,49.16,340,07-Jan-2021,09:20,32123.85
20.85,38.37,12.82,32500,-79.05,53.64,428.8,07-Jan-2021,09:20,32123.85
12.75,39.75,8.28,32600,-83.72,55.86,515.7,07-Jan-2021,09:20,32123.85
8.3,41.74,5.52,32700,-81.46,73.91,638.3,07-Jan-2021,09:20,32123.85
5.55,43.83,3.73,32800,-87.43,67.81,710.85,07-Jan-2021,09:20,32123.85
4,46.36,2.67,32900,-96.21,50.42,781.5,07-Jan-2021,09:20,32123.85
3.3,49.72,2.12,33000,-90.72,75.95,902.8,07-Jan-2021,09:20,32123.85
2.75,52.98,1.7,33100,-98.47,51.95,977.4,07-Jan-2021,09:20,32123.85
2.35,56.27,1.4,33200,-86.57,110.69,1138.15,07-Jan-2021,09:20,32123.85
2,59.38,1.15,33300,-,-,-,07-Jan-2021,09:20,32123.85
1.8,62.81,1,33400,-,-,-,07-Jan-2021,09:20,32123.85
1.65,66.28,0.88,33500,-,-,-,07-Jan-2021,09:20,32123.85
1.6,70.13,0.81,33600,-,-,-,07-Jan-2021,09:20,32123.85
1.6,74.18,0.77,33700,-,-,-,07-Jan-2021,09:20,32123.85
1.3,76.34,0.62,33800,-,-,-,07-Jan-2021,09:20,32123.85
1.2,79.54,0.56,33900,-,-,-,07-Jan-2021,09:20,32123.85
1.1,82.6,0.5,34000,-,-,-,07-Jan-2021,09:20,32123.85
1.1,86.39,0.48,34100,-,-,-,07-Jan-2021,09:20,32123.85
1.1,90.15,0.46,34200,-,-,-,07-Jan-2021,09:20,32123.85
1.05,93.43,0.43,34300,-,-,-,07-Jan-2021,09:20,32123.85
1.4,100.15,0.52,34400,-,-,-,07-Jan-2021,09:20,32123.85
1.1,101.28,0.41,34500,-,-,-,07-Jan-2021,09:20,32123.85
1.1,104.94,0.4,34600,-,-,-,07-Jan-2021,09:20,32123.85
1.1,108.57,0.39,34700,-,-,-,07-Jan-2021,09:20,32123.85
-,-,-,23300,-0.11,405.37,1.1,07-Jan-2021,09:25,32114.6
-,-,-,23400,-0.13,407.58,1.35,07-Jan-2021,09:25,32114.6
-,-,-,23500,-0.11,395.35,1.1,07-Jan-2021,09:25,32114.6
-,-,-,24000,-0.14,377.35,1.35,07-Jan-2021,09:25,32114.6
-,-,-,24100,-0.11,361.09,0.95,07-Jan-2021,09:25,32114.6
-,-,-,24500,-0.15,351.44,1.3,07-Jan-2021,09:25,32114.6
-,-,-,25000,-0.15,324.83,1.2,07-Jan-2021,09:25,32114.6
-,-,-,25500,-0.2,309.24,1.6,07-Jan-2021,09:25,32114.6
-,-,-,26000,-0.2,282.66,1.45,07-Jan-2021,09:25,32114.6
-,-,-,26500,-0.19,254.68,1.2,07-Jan-2021,09:25,32114.6
-,-,-,26600,-0.27,260.73,1.85,07-Jan-2021,09:25,32114.6
-,-,-,26900,-0.17,232.49,1,07-Jan-2021,09:25,32114.6
-,-,-,27000,-0.21,232.81,1.25,07-Jan-2021,09:25,32114.6
-,-,-,27100,-0.25,232.32,1.5,07-Jan-2021,09:25,32114.6
-,-,-,27300,-0.23,220.06,1.3,07-Jan-2021,09:25,32114.6
-,-,-,27500,-0.25,211.8,1.35,07-Jan-2021,09:25,32114.6
-,-,-,27600,-0.28,209.45,1.5,07-Jan-2021,09:25,32114.6
-,-,-,27700,-0.27,203.51,1.4,07-Jan-2021,09:25,32114.6
-,-,-,27800,-0.27,199,1.4,07-Jan-2021,09:25,32114.6
-,-,-,27900,-0.24,190.8,1.15,07-Jan-2021,09:25,32114.6
-,-,-,28000,-0.29,190.67,1.45,07-Jan-2021,09:25,32114.6
-,-,-,28100,-0.33,188.63,1.65,07-Jan-2021,09:25,32114.6
-,-,-,28200,-0.37,185.75,1.8,07-Jan-2021,09:25,32114.6
-,-,-,28300,-0.31,177.2,1.45,07-Jan-2021,09:25,32114.6
-,-,-,28400,-0.28,169.47,1.2,07-Jan-2021,09:25,32114.6
-,-,-,28500,-0.32,167.65,1.4,07-Jan-2021,09:25,32114.6
-,-,-,28600,-0.55,174.77,2.65,07-Jan-2021,09:25,32114.6
-,-,-,28700,-0.24,152.75,0.95,07-Jan-2021,09:25,32114.6
-,-,-,28800,-0.44,158.9,1.85,07-Jan-2021,09:25,32114.6
-,-,-,28900,-0.39,151.47,1.55,07-Jan-2021,09:25,32114.6
-,-,-,29000,-0.41,147.49,1.6,07-Jan-2021,09:25,32114.6
-,-,-,29100,-0.43,143.49,1.65,07-Jan-2021,09:25,32114.6
-,-,-,29200,-0.43,138.54,1.6,07-Jan-2021,09:25,32114.6
-,-,-,29300,-0.48,135.38,1.75,07-Jan-2021,09:25,32114.6
-,-,-,29400,-0.51,131.28,1.8,07-Jan-2021,09:25,32114.6
2580,0,0,29500,-0.54,127.14,1.85,07-Jan-2021,09:25,32114.6
-,-,-,29600,-0.57,122.99,1.9,07-Jan-2021,09:25,32114.6
-,-,-,29700,-0.61,119.14,2,07-Jan-2021,09:25,32114.6
-,-,-,29800,-0.66,115.23,2.1,07-Jan-2021,09:25,32114.6
-,-,-,29900,-0.76,112.42,2.4,07-Jan-2021,09:25,32114.6
2084.95,0,0,30000,-0.76,107.21,2.3,07-Jan-2021,09:25,32114.6
-,-,-,30100,-0.81,102.85,2.35,07-Jan-2021,09:25,32114.6
-,-,-,30200,-0.83,97.93,2.3,07-Jan-2021,09:25,32114.6
-,-,-,30300,-0.91,94.02,2.45,07-Jan-2021,09:25,32114.6
1710,0,0,30400,-0.98,89.79,2.55,07-Jan-2021,09:25,32114.6
1618.95,87.73,98.76,30500,-1.11,86.11,2.8,07-Jan-2021,09:25,32114.6
-,-,-,30600,-1.3,82.81,3.2,07-Jan-2021,09:25,32114.6
1415.5,0,0,30700,-1.49,79.09,3.55,07-Jan-2021,09:25,32114.6
1304.55,0,0,30800,-1.76,75.72,4.1,07-Jan-2021,09:25,32114.6
1205.95,0,0,30900,-2.11,72.4,4.8,07-Jan-2021,09:25,32114.6
1109.55,0,0,31000,-2.54,69.01,5.65,07-Jan-2021,09:25,32114.6
1011.9,0,0,31100,-3.04,65.32,6.55,07-Jan-2021,09:25,32114.6
903.55,0,0,31200,-3.73,61.86,7.85,07-Jan-2021,09:25,32114.6
814.1,0,0,31300,-4.52,57.9,9.15,07-Jan-2021,09:25,32114.6
715.55,0,0,31400,-5.54,53.88,10.8,07-Jan-2021,09:25,32114.6
614.6,0,0,31500,-7.03,50.07,13.25,07-Jan-2021,09:25,32114.6
520.6,35.25,95.97,31600,-9.01,46.04,16.35,07-Jan-2021,09:25,32114.6
423.15,32.3,93.76,31700,-12.07,42.41,21.45,07-Jan-2021,09:25,32114.6
335,33.85,86.69,31800,-17.36,40.1,31.8,07-Jan-2021,09:25,32114.6
252.9,33.88,77.62,31900,-25.36,38.86,50.25,07-Jan-2021,09:25,32114.6
182.7,34.34,65.67,32000,-35.84,38.29,79.35,07-Jan-2021,09:25,32114.6
124.4,34.47,52.33,32100,-47.86,38.22,121.3,07-Jan-2021,09:25,32114.6
79.7,34.62,38.87,32200,-59.98,38.57,176.85,07-Jan-2021,09:25,32114.6
49.3,35.3,27.08,32300,-70.56,39.78,246.4,07-Jan-2021,09:25,32114.6
29.85,36.32,17.99,32400,-78.78,41.58,326.45,07-Jan-2021,09:25,32114.6
18.05,37.66,11.64,32500,-84.05,45.02,416.05,07-Jan-2021,09:25,32114.6
10.4,38.69,7.18,32600,-87.83,48.42,508.75,07-Jan-2021,09:25,32114.6
6.15,40.08,4.44,32700,-89.09,55.23,608.7,07-Jan-2021,09:25,32114.6
3.8,41.78,2.81,32800,-90.56,60.51,706.75,07-Jan-2021,09:25,32114.6
2.85,44.69,2.05,32900,-95.42,54.03,792.85,07-Jan-2021,09:25,32114.6
2.55,48.61,1.73,33000,-95.06,62.15,895.05,07-Jan-2021,09:25,32114.6
2.45,52.9,1.54,33100,-95.02,69.16,996.35,07-Jan-2021,09:25,32114.6
2.25,56.74,1.34,33200,-,-,-,07-Jan-2021,09:25,32114.6
2,60.21,1.15,33300,-,-,-,07-Jan-2021,09:25,32114.6
1.8,63.65,0.99,33400,-,-,-,07-Jan-2021,09:25,32114.6
1.65,67.13,0.87,33500,-,-,-,07-Jan-2021,09:25,32114.6
1.7,71.53,0.85,33600,-,-,-,07-Jan-2021,09:25,32114.6
1.3,73.29,0.65,33700,-,-,-,07-Jan-2021,09:25,32114.6
1.35,77.59,0.64,33800,-,-,-,07-Jan-2021,09:25,32114.6
1.2,80.46,0.56,33900,-,-,-,07-Jan-2021,09:25,32114.6
1.2,84.34,0.53,34000,-,-,-,07-Jan-2021,09:25,32114.6
1.15,87.78,0.49,34100,-,-,-,07-Jan-2021,09:25,32114.6
1,90.23,0.42,34200,-,-,-,07-Jan-2021,09:25,32114.6
1,93.95,0.41,34300,-,-,-,07-Jan-2021,09:25,32114.6
1,97.66,0.39,34400,-,-,-,07-Jan-2021,09:25,32114.6
1.05,101.85,0.4,34500,-,-,-,07-Jan-2021,09:25,32114.6
1.1,106.02,0.4,34600,-,-,-,07-Jan-2021,09:25,32114.6
1.05,109.16,0.37,34700,-,-,-,07-Jan-2021,09:25,32114.6
-,-,-,23300,-0.12,409.56,1.15,07-Jan-2021,09:30,32109.3
-,-,-,23400,-0.13,407.43,1.25,07-Jan-2021,09:30,32109.3
-,-,-,23500,-0.12,399.43,1.15,07-Jan-2021,09:30,32109.3
-,-,-,24000,-0.12,371.46,1.05,07-Jan-2021,09:30,32109.3
-,-,-,24100,-0.2,386.73,1.9,07-Jan-2021,09:30,32109.3
-,-,-,25500,-0.17,304.13,1.25,07-Jan-2021,09:30,32109.3
-,-,-,26000,-0.19,281.53,1.3,07-Jan-2021,09:30,32109.3
-,-,-,26500,-0.17,253.11,1.05,07-Jan-2021,09:30,32109.3
-,-,-,26600,-0.29,264.38,2,07-Jan-2021,09:30,32109.3
-,-,-,26900,-0.17,233.9,1,07-Jan-2021,09:30,32109.3
-,-,-,27000,-0.19,231.43,1.1,07-Jan-2021,09:30,32109.3
-,-,-,27500,-0.22,209.81,1.15,07-Jan-2021,09:30,32109.3
-,-,-,27600,-0.26,209.26,1.4,07-Jan-2021,09:30,32109.3
-,-,-,27900,-0.21,189.38,1,07-Jan-2021,09:30,32109.3
-,-,-,28000,-0.24,187.46,1.15,07-Jan-2021,09:30,32109.3
-,-,-,28100,-0.13,171.03,0.55,07-Jan-2021,09:30,32109.3
-,-,-,28200,-0.23,176.19,1,07-Jan-2021,09:30,32109.3
-,-,-,28400,-0.28,170.44,1.2,07-Jan-2021,09:30,32109.3
-,-,-,28500,-0.26,164.59,1.1,07-Jan-2021,09:30,32109.3
-,-,-,28600,-0.26,159.47,1.05,07-Jan-2021,09:30,32109.3
-,-,-,28700,-0.29,156.5,1.15,07-Jan-2021,09:30,32109.3
-,-,-,28800,-0.32,153.38,1.25,07-Jan-2021,09:30,32109.3
-,-,-,28900,-0.34,149.55,1.3,07-Jan-2021,09:30,32109.3
3110,0,0,29000,-0.36,145.68,1.35,07-Jan-2021,09:30,32109.3
-,-,-,29100,-0.44,144.73,1.7,07-Jan-2021,09:30,32109.3
-,-,-,29200,-0.48,141.07,1.8,07-Jan-2021,09:30,32109.3
-,-,-,29300,-0.44,134.31,1.55,07-Jan-2021,09:30,32109.3
-,-,-,29400,-0.45,129.82,1.55,07-Jan-2021,09:30,32109.3
-,-,-,29500,-0.5,126.61,1.7,07-Jan-2021,09:30,32109.3
-,-,-,29600,-0.55,123.24,1.85,07-Jan-2021,09:30,32109.3
2433.4,171.4,96.1,29700,-0.61,119.74,2,07-Jan-2021,09:30,32109.3
-,-,-,29800,-0.66,115.8,2.1,07-Jan-2021,09:30,32109.3
-,-,-,29900,-0.7,111.49,2.15,07-Jan-2021,09:30,32109.3
-,-,-,30000,-0.75,107.44,2.25,07-Jan-2021,09:30,32109.3
-,-,-,30100,-0.81,103.33,2.35,07-Jan-2021,09:30,32109.3
1886.55,0,0,30200,-0.87,99.15,2.45,07-Jan-2021,09:30,32109.3
1790.2,0,0,30300,-0.94,94.92,2.55,07-Jan-2021,09:30,32109.3
1692.2,0,0,30400,-1.03,90.84,2.7,07-Jan-2021,09:30,32109.3
1598.8,0,0,30500,-1.12,86.47,2.8,07-Jan-2021,09:30,32109.3
-,-,-,30600,-1.26,82.6,3.05,07-Jan-2021,09:30,32109.3
1409.65,0,0,30700,-1.46,79.07,3.45,07-Jan-2021,09:30,32109.3
1298.2,0,0,30800,-1.72,75.57,3.95,07-Jan-2021,09:30,32109.3
1200,0,0,30900,-2.08,72.4,4.7,07-Jan-2021,09:30,32109.3
1099.25,0,0,31000,-2.48,68.81,5.45,07-Jan-2021,09:30,32109.3
995.15,0,0,31100,-2.96,65.06,6.3,07-Jan-2021,09:30,32109.3
901.8,0,0,31200,-3.56,61.18,7.3,07-Jan-2021,09:30,32109.3
801.65,0,0,31300,-4.34,57.3,8.6,07-Jan-2021,09:30,32109.3
699.9,0,0,31400,-5.4,53.41,10.3,07-Jan-2021,09:30,32109.3
605,0,0,31500,-6.95,49.78,12.9,07-Jan-2021,09:30,32109.3
510.5,20.88,99.83,31600,-9.05,45.97,16.3,07-Jan-2021,09:30,32109.3
415.9,30.19,94.86,31700,-12.34,42.65,22,07-Jan-2021,09:30,32109.3
325,30.98,88.54,31800,-17.75,40.36,32.7,07-Jan-2021,09:30,32109.3
245.35,32.75,77.97,31900,-25.92,39.2,51.8,07-Jan-2021,09:30,32109.3
174.9,33.19,65.58,32000,-36.53,38.8,82.05,07-Jan-2021,09:30,32109.3
117.3,33.42,51.65,32100,-48.52,38.78,124.85,07-Jan-2021,09:30,32109.3
74.5,33.87,37.83,32200,-60.45,39.39,181.85,07-Jan-2021,09:30,32109.3
45.05,34.51,25.87,32300,-70.81,40.66,251.9,07-Jan-2021,09:30,32109.3
26.4,35.4,16.74,32400,-78.7,42.8,332.9,07-Jan-2021,09:30,32109.3
15.65,36.79,10.61,32500,-83.55,46.91,423.75,07-Jan-2021,09:30,32109.3
9.1,38.12,6.53,32600,-87.58,49.8,515.2,07-Jan-2021,09:30,32109.3
5.5,39.8,4.08,32700,-93.68,45.32,600,07-Jan-2021,09:30,32109.3
3.6,41.97,2.69,32800,-89.63,63.98,716,07-Jan-2021,09:30,32109.3
2.85,45.26,2.04,32900,0,0,784.05,07-Jan-2021,09:30,32109.3
2.6,49.34,1.74,33000,-92.77,71.1,908.65,07-Jan-2021,09:30,32109.3
2.45,53.52,1.54,33100,0,0,982.35,07-Jan-2021,09:30,32109.3
2.2,57.21,1.32,33200,-,-,-,07-Jan-2021,09:30,32109.3
2,60.86,1.14,33300,-,-,-,07-Jan-2021,09:30,32109.3
1.8,64.33,0.99,33400,-,-,-,07-Jan-2021,09:30,32109.3
1.75,68.33,0.91,33500,-,-,-,07-Jan-2021,09:30,32109.3
1.65,71.99,0.83,33600,-,-,-,07-Jan-2021,09:30,32109.3
1.6,75.84,0.77,33700,-,-,-,07-Jan-2021,09:30,32109.3
1.35,78.35,0.64,33800,-,-,-,07-Jan-2021,09:30,32109.3
1.3,81.97,0.59,33900,-,-,-,07-Jan-2021,09:30,32109.3
1.15,84.75,0.51,34000,-,-,-,07-Jan-2021,09:30,32109.3
1.2,89.01,0.51,34100,-,-,-,07-Jan-2021,09:30,32109.3
1.1,91.99,0.46,34200,-,-,-,07-Jan-2021,09:30,32109.3
1.15,96.23,0.46,34300,-,-,-,07-Jan-2021,09:30,32109.3
0.95,98.03,0.38,34400,-,-,-,07-Jan-2021,09:30,32109.3
1,102.25,0.38,34500,-,-,-,07-Jan-2021,09:30,32109.3
1.05,106.46,0.38,34600,-,-,-,07-Jan-2021,09:30,32109.3
1.05,110.13,0.37,34700,-,-,-,07-Jan-2021,09:30,32109.3
-,-,-,23300,-0.1,404.78,0.95,07-Jan-2021,09:35,32082.1
-,-,-,23400,-0.11,404.78,1.1,07-Jan-2021,09:35,32082.1
-,-,-,23500,-0.11,396.45,1,07-Jan-2021,09:35,32082.1
-,-,-,24000,-0.09,362.62,0.75,07-Jan-2021,09:35,32082.1
-,-,-,25000,-0.11,318.41,0.85,07-Jan-2021,09:35,32082.1
-,-,-,25500,-0.15,301.74,1.1,07-Jan-2021,09:35,32082.1
-,-,-,26000,-0.17,279.31,1.15,07-Jan-2021,09:35,32082.1
-,-,-,26500,-0.16,252.76,1,07-Jan-2021,09:35,32082.1
-,-,-,26600,-0.28,263.11,1.85,07-Jan-2021,09:35,32082.1
-,-,-,26900,-0.11,222.54,0.55,07-Jan-2021,09:35,32082.1
-,-,-,27000,-0.18,229.99,1,07-Jan-2021,09:35,32082.1
-,-,-,27100,-0.22,230.23,1.25,07-Jan-2021,09:35,32082.1
-,-,-,27500,-0.22,210.24,1.15,07-Jan-2021,09:35,32082.1
-,-,-,27600,-0.25,208.16,1.3,07-Jan-2021,09:35,32082.1
-,-,-,27700,-0.25,202.83,1.25,07-Jan-2021,09:35,32082.1
-,-,-,27800,-0.25,198.3,1.25,07-Jan-2021,09:35,32082.1
-,-,-,28000,-0.24,187.73,1.15,07-Jan-2021,09:35,32082.1
-,-,-,28100,-0.27,184.75,1.25,07-Jan-2021,09:35,32082.1
-,-,-,28300,-0.34,179.6,1.55,07-Jan-2021,09:35,32082.1
-,-,-,28400,-0.31,172.59,1.35,07-Jan-2021,09:35,32082.1
-,-,-,28500,-0.27,165.41,1.15,07-Jan-2021,09:35,32082.1
-,-,-,28600,-0.26,159.54,1.05,07-Jan-2021,09:35,32082.1
-,-,-,28700,-0.28,155.84,1.1,07-Jan-2021,09:35,32082.1
-,-,-,28800,-0.34,154.59,1.35,07-Jan-2021,09:35,32082.1
-,-,-,28900,-0.34,149.52,1.3,07-Jan-2021,09:35,32082.1
3130.35,245.67,94.68,29000,-0.35,145.05,1.3,07-Jan-2021,09:35,32082.1
-,-,-,29100,-0.41,143.2,1.55,07-Jan-2021,09:35,32082.1
-,-,-,29200,-0.46,140.06,1.7,07-Jan-2021,09:35,32082.1
-,-,-,29300,-0.44,134.14,1.55,07-Jan-2021,09:35,32082.1
-,-,-,29400,-0.45,129.62,1.55,07-Jan-2021,09:35,32082.1
-,-,-,29500,-0.5,126.37,1.7,07-Jan-2021,09:35,32082.1
-,-,-,29600,-0.55,122.59,1.8,07-Jan-2021,09:35,32082.1
-,-,-,29700,-0.59,118.73,1.9,07-Jan-2021,09:35,32082.1
-,-,-,29800,-0.65,115.13,2.05,07-Jan-2021,09:35,32082.1
-,-,-,29900,-0.7,111.1,2.15,07-Jan-2021,09:35,32082.1
2130.55,178.36,92.94,30000,-0.77,107.3,2.3,07-Jan-2021,09:35,32082.1
-,-,-,30100,-0.83,103.12,2.4,07-Jan-2021,09:35,32082.1
1897.05,127.58,96.72,30200,-0.9,98.89,2.5,07-Jan-2021,09:35,32082.1
-,-,-,30300,-0.97,94.6,2.6,07-Jan-2021,09:35,32082.1
1693,109.16,97.22,30400,-1.06,90.46,2.75,07-Jan-2021,09:35,32082.1
1623.45,138.09,92.34,30500,-1.16,86.23,2.9,07-Jan-2021,09:35,32082.1
1523.8,131.52,91.95,30600,-1.29,82.1,3.1,07-Jan-2021,09:35,32082.1
1404,106.76,94.54,30700,-1.5,78.49,3.5,07-Jan-2021,09:35,32082.1
1327.85,120.61,90.62,30800,-1.74,74.78,3.95,07-Jan-2021,09:35,32082.1
1210,99.74,92.82,30900,-2.05,71.07,4.5,07-Jan-2021,09:35,32082.1
1110.95,93.89,92.22,31000,-2.44,67.38,5.2,07-Jan-2021,09:35,32082.1
1010,86.39,91.89,31100,-2.92,63.54,6,07-Jan-2021,09:35,32082.1
907.65,77.78,91.79,31200,-3.49,59.51,6.9,07-Jan-2021,09:35,32082.1
813,74.8,89.99,31300,-4.31,55.65,8.2,07-Jan-2021,09:35,32082.1
712,67.02,89.33,31400,-5.45,51.9,10.05,07-Jan-2021,09:35,32082.1
615,61.56,87.59,31500,-7.05,48.16,12.6,07-Jan-2021,09:35,32082.1
519,56.12,85.26,31600,-9.27,44.29,16.05,07-Jan-2021,09:35,32082.1
424.3,50.62,82.12,31700,-12.44,40.27,20.8,07-Jan-2021,09:35,32082.1
332.95,45.58,77.47,31800,-17.69,36.99,29.6,07-Jan-2021,09:35,32082.1
248.4,41.57,70.38,31900,-26.14,34.72,46,07-Jan-2021,09:35,32082.1
179,40.12,60.03,32000,-37.98,33.11,73.35,07-Jan-2021,09:35,32082.1
118.6,38.12,48.09,32100,-52.33,32.13,115.5,07-Jan-2021,09:35,32082.1
75.25,37.53,35.66,32200,-67.34,30.84,171.55,07-Jan-2021,09:35,32082.1
44.6,37.15,24.43,32300,-81.18,29.18,241.85,07-Jan-2021,09:35,32082.1
26.15,37.69,15.91,32400,-93.63,24.74,322.5,07-Jan-2021,09:35,32082.1
15.5,38.82,10.13,32500,0,0,412.2,07-Jan-2021,09:35,32082.1
8.8,39.76,6.16,32600,0,0,507.95,07-Jan-2021,09:35,32082.1
5.15,41.09,3.77,32700,0,0,588.8,07-Jan-2021,09:35,32082.1
3.3,43.06,2.45,32800,0,0,686.35,07-Jan-2021,09:35,32082.1
2.55,46.16,1.83,32900,0,0,780.9,07-Jan-2021,09:35,32082.1
2.3,50.12,1.55,33000,0,0,890.25,07-Jan-2021,09:35,32082.1
2.15,54.2,1.36,33100,0,0,996.75,07-Jan-2021,09:35,32082.1
1.95,57.94,1.18,33200,0,0,1102.6,07-Jan-2021,09:35,32082.1
1.75,61.47,1.01,33300,-,-,-,07-Jan-2021,09:35,32082.1
1.7,65.53,0.93,33400,-,-,-,07-Jan-2021,09:35,32082.1
1.5,68.71,0.8,33500,0,0,1403.9,07-Jan-2021,09:35,32082.1
1.3,71.65,0.67,33600,-,-,-,07-Jan-2021,09:35,32082.1
1.25,75.36,0.62,33700,-,-,-,07-Jan-2021,09:35,32082.1
1.2,79,0.57,33800,-,-,-,07-Jan-2021,09:35,32082.1
1.4,84.4,0.62,33900,-,-,-,07-Jan-2021,09:35,32082.1
1.1,86.06,0.49,34000,-,-,-,07-Jan-2021,09:35,32082.1
1.15,90.35,0.49,34100,-,-,-,07-Jan-2021,09:35,32082.1
1.2,94.63,0.49,34200,-,-,-,07-Jan-2021,09:35,32082.1
1.05,97.08,0.42,34300,-,-,-,07-Jan-2021,09:35,32082.1
0.95,99.81,0.37,34400,-,-,-,07-Jan-2021,09:35,32082.1
0.95,103.52,0.36,34500,-,-,-,07-Jan-2021,09:35,32082.1
1.05,108.3,0.38,34600,-,-,-,07-Jan-2021,09:35,32082.1
1,111.44,0.35,34700,-,-,-,07-Jan-2021,09:35,32082.1
-,-,-,23300,-0.09,400.99,0.8,07-Jan-2021,09:40,32057.5
-,-,-,23400,-0.1,403.46,1,07-Jan-2021,09:40,32057.5
-,-,-,23500,-0.09,392.96,0.85,07-Jan-2021,09:40,32057.5
-,-,-,24000,-0.1,368.15,0.85,07-Jan-2021,09:40,32057.5
-,-,-,24100,-0.1,365,0.9,07-Jan-2021,09:40,32057.5
-,-,-,25000,-0.12,321.36,0.9,07-Jan-2021,09:40,32057.5
-,-,-,26000,-0.15,276.86,1,07-Jan-2021,09:40,32057.5
-,-,-,26500,-0.15,251.24,0.9,07-Jan-2021,09:40,32057.5
-,-,-,26900,-0.31,250.88,1.95,07-Jan-2021,09:40,32057.5
-,-,-,27000,-0.16,227.33,0.85,07-Jan-2021,09:40,32057.5
-,-,-,27100,-0.21,230.03,1.2,07-Jan-2021,09:40,32057.5
-,-,-,27500,-0.23,211.65,1.2,07-Jan-2021,09:40,32057.5
-,-,-,27600,-0.24,207.9,1.25,07-Jan-2021,09:40,32057.5
-,-,-,27700,-0.22,200.84,1.1,07-Jan-2021,09:40,32057.5
-,-,-,27800,-0.28,201.68,1.45,07-Jan-2021,09:40,32057.5
-,-,-,28000,-0.25,188.89,1.2,07-Jan-2021,09:40,32057.5
-,-,-,28100,-0.27,185.1,1.25,07-Jan-2021,09:40,32057.5
-,-,-,28300,-0.28,176.04,1.25,07-Jan-2021,09:40,32057.5
-,-,-,28400,-0.3,172.19,1.3,07-Jan-2021,09:40,32057.5
3600,272.45,95.62,28500,-0.3,167,1.25,07-Jan-2021,09:40,32057.5
-,-,-,28600,-0.32,163.76,1.35,07-Jan-2021,09:40,32057.5
-,-,-,28700,-0.32,158.62,1.3,07-Jan-2021,09:40,32057.5
-,-,-,28800,-0.36,155.85,1.45,07-Jan-2021,09:40,32057.5
-,-,-,28900,-0.39,152.36,1.55,07-Jan-2021,09:40,32057.5
3114.3,255.05,94.02,29000,-0.39,147.27,1.5,07-Jan-2021,09:40,32057.5
-,-,-,29100,-0.43,143.7,1.6,07-Jan-2021,09:40,32057.5
-,-,-,29200,-0.43,138.65,1.55,07-Jan-2021,09:40,32057.5
-,-,-,29300,-0.49,135.87,1.75,07-Jan-2021,09:40,32057.5
-,-,-,29400,-0.52,131.67,1.8,07-Jan-2021,09:40,32057.5
-,-,-,29500,-0.57,128.19,1.95,07-Jan-2021,09:40,32057.5
2552.2,243.3,90.36,29600,-0.6,123.89,2,07-Jan-2021,09:40,32057.5
-,-,-,29700,-0.63,119.57,2.05,07-Jan-2021,09:40,32057.5
2300,186.09,93.89,29800,-0.67,115.21,2.1,07-Jan-2021,09:40,32057.5
-,-,-,29900,-0.75,111.72,2.3,07-Jan-2021,09:40,32057.5
2090.05,162.49,94.56,30000,-0.79,107.26,2.35,07-Jan-2021,09:40,32057.5
-,-,-,30100,-0.84,102.77,2.4,07-Jan-2021,09:40,32057.5
-,-,-,30200,-0.89,98.24,2.45,07-Jan-2021,09:40,32057.5
-,-,-,30300,-0.95,93.69,2.5,07-Jan-2021,09:40,32057.5
1701.45,146.57,92.27,30400,-1.06,89.77,2.7,07-Jan-2021,09:40,32057.5
1604,141.67,91.64,30500,-1.15,85.31,2.8,07-Jan-2021,09:40,32057.5
1499.95,131.46,91.77,30600,-1.36,82.06,3.25,07-Jan-2021,09:40,32057.5
-,-,-,30700,-1.57,78.34,3.65,07-Jan-2021,09:40,32057.5
1299.8,117.3,90.96,30800,-1.79,74.25,4,07-Jan-2021,09:40,32057.5
1198,108.89,90.72,30900,-2.12,70.58,4.6,07-Jan-2021,09:40,32057.5
1086.7,93.27,92.03,31000,-2.5,66.7,5.25,07-Jan-2021,09:40,32057.5
989.15,88.3,91.05,31100,-2.96,62.6,5.95,07-Jan-2021,09:40,32057.5
895.75,85.76,89.21,31200,-3.59,58.66,6.95,07-Jan-2021,09:40,32057.5
791.25,75.54,89.22,31300,-4.41,54.64,8.2,07-Jan-2021,09:40,32057.5
697.05,71.64,87.12,31400,-5.52,50.58,9.85,07-Jan-2021,09:40,32057.5
599.1,65.01,85.46,31500,-7.18,46.77,12.4,07-Jan-2021,09:40,32057.5
503,58.88,83.04,31600,-9.49,42.76,15.8,07-Jan-2021,09:40,32057.5
410,53.45,79.46,31700,-12.99,38.85,21,07-Jan-2021,09:40,32057.5
319.7,48.02,74.53,31800,-18.83,35.68,30.65,07-Jan-2021,09:40,32057.5
235.95,43.4,67.31,31900,-28.07,33.33,48.2,07-Jan-2021,09:40,32057.5
165.5,40.69,57.12,32000,-40.98,31.66,77.7,07-Jan-2021,09:40,32057.5
109.05,38.97,45.09,32100,-56.51,29.83,120.6,07-Jan-2021,09:40,32057.5
68,38.19,32.93,32200,-73.04,27.62,178.95,07-Jan-2021,09:40,32057.5
39.45,37.65,22.14,32300,-89.11,23.53,251.6,07-Jan-2021,09:40,32057.5
22.3,37.87,14.03,32400,0,0,333.1,07-Jan-2021,09:40,32057.5
13.3,39.2,8.9,32500,0,0,424.2,07-Jan-2021,09:40,32057.5
7.8,40.49,5.51,32600,0,0,509.95,07-Jan-2021,09:40,32057.5
4.75,42.13,3.46,32700,0,0,607,07-Jan-2021,09:40,32057.5
3.2,44.42,2.33,32800,0,0,705,07-Jan-2021,09:40,32057.5
2.6,47.83,1.82,32900,-,-,-,07-Jan-2021,09:40,32057.5
2.35,51.82,1.55,33000,0,0,917.35,07-Jan-2021,09:40,32057.5
2.1,55.57,1.31,33100,0,0,994.6,07-Jan-2021,09:40,32057.5
1.85,59.08,1.11,33200,-,-,-,07-Jan-2021,09:40,32057.5
1.7,62.8,0.97,33300,-,-,-,07-Jan-2021,09:40,32057.5
1.5,66.08,0.83,33400,-,-,-,07-Jan-2021,09:40,32057.5
1.3,69.11,0.7,33500,0,0,1394.45,07-Jan-2021,09:40,32057.5
1.2,72.55,0.62,33600,-,-,-,07-Jan-2021,09:40,32057.5
1.25,76.95,0.61,33700,-,-,-,07-Jan-2021,09:40,32057.5
1.2,80.61,0.57,33800,-,-,-,07-Jan-2021,09:40,32057.5
1.1,83.78,0.5,33900,-,-,-,07-Jan-2021,09:40,32057.5
1.05,87.26,0.47,34000,-,-,-,07-Jan-2021,09:40,32057.5
1,90.66,0.43,34100,-,-,-,07-Jan-2021,09:40,32057.5
1.1,95.44,0.45,34200,-,-,-,07-Jan-2021,09:40,32057.5
1,98.28,0.4,34300,-,-,-,07-Jan-2021,09:40,32057.5
1.1,103.07,0.42,34400,-,-,-,07-Jan-2021,09:40,32057.5
1,105.8,0.37,34500,-,-,-,07-Jan-2021,09:40,32057.5
1,109.52,0.36,34600,-,-,-,07-Jan-2021,09:40,32057.5
1,113.22,0.35,34700,-,-,-,07-Jan-2021,09:40,32057.5
-,-,-,23300,-0.07,397.46,0.65,07-Jan-2021,09:45,32067.45
8681.15,529.18,99.16,23400,-0.07,389.99,0.6,07-Jan-2021,09:45,32067.45
-,-,-,23500,-0.06,382.41,0.55,07-Jan-2021,09:45,32067.45
-,-,-,24000,-0.08,365.23,0.7,07-Jan-2021,09:45,32067.45
-,-,-,24100,-0.17,386.06,1.55,07-Jan-2021,09:45,32067.45
-,-,-,24500,-0.08,338.95,0.65,07-Jan-2021,09:45,32067.45
-,-,-,25000,-0.11,320.79,0.8,07-Jan-2021,09:45,32067.45
-,-,-,26000,-0.13,275.25,0.85,07-Jan-2021,09:45,32067.45
-,-,-,26500,-0.13,250.8,0.8,07-Jan-2021,09:45,32067.45
-,-,-,26600,-0.17,251.2,1,07-Jan-2021,09:45,32067.45
-,-,-,27000,-0.16,230.52,0.9,07-Jan-2021,09:45,32067.45
-,-,-,27300,-0.12,209.26,0.6,07-Jan-2021,09:45,32067.45
-,-,-,27500,-0.21,211.81,1.1,07-Jan-2021,09:45,32067.45
-,-,-,27600,-0.28,213.57,1.5,07-Jan-2021,09:45,32067.45
-,-,-,27700,-0.31,210.9,1.65,07-Jan-2021,09:45,32067.45
-,-,-,27800,-0.36,209.76,1.95,07-Jan-2021,09:45,32067.45
-,-,-,28000,-0.26,191.4,1.25,07-Jan-2021,09:45,32067.45
-,-,-,28100,-0.31,190.26,1.5,07-Jan-2021,09:45,32067.45
-,-,-,28200,-0.31,184.98,1.45,07-Jan-2021,09:45,32067.45
-,-,-,28400,-0.29,173.15,1.25,07-Jan-2021,09:45,32067.45
-,-,-,28500,-0.31,169.27,1.3,07-Jan-2021,09:45,32067.45
-,-,-,28600,-0.31,164.71,1.3,07-Jan-2021,09:45,32067.45
-,-,-,28700,-0.33,160.78,1.35,07-Jan-2021,09:45,32067.45
-,-,-,28800,-0.37,157.93,1.5,07-Jan-2021,09:45,32067.45
-,-,-,28900,-0.39,153.86,1.55,07-Jan-2021,09:45,32067.45
3071.35,159.63,99.34,29000,-0.39,148.74,1.5,07-Jan-2021,09:45,32067.45
-,-,-,29100,-0.43,145.15,1.6,07-Jan-2021,09:45,32067.45
-,-,-,29200,-0.44,140.54,1.6,07-Jan-2021,09:45,32067.45
-,-,-,29300,-0.48,136.83,1.7,07-Jan-2021,09:45,32067.45
-,-,-,29400,-0.51,133.04,1.8,07-Jan-2021,09:45,32067.45
2570,125.68,99.55,29500,-0.54,128.78,1.85,07-Jan-2021,09:45,32067.45
-,-,-,29600,-0.57,124.49,1.9,07-Jan-2021,09:45,32067.45
-,-,-,29700,-0.62,120.51,2,07-Jan-2021,09:45,32067.45
-,-,-,29800,-0.67,116.47,2.1,07-Jan-2021,09:45,32067.45
-,-,-,29900,-0.72,112.36,2.2,07-Jan-2021,09:45,32067.45
2064,0,0,30000,-0.76,107.9,2.25,07-Jan-2021,09:45,32067.45
-,-,-,30100,-0.82,103.68,2.35,07-Jan-2021,09:45,32067.45
1891.05,140.98,95.35,30200,-0.89,99.4,2.45,07-Jan-2021,09:45,32067.45
-,-,-,30300,-0.95,94.82,2.5,07-Jan-2021,09:45,32067.45
-,-,-,30400,-1.04,90.65,2.65,07-Jan-2021,09:45,32067.45
1572.1,89.32,98.62,30500,-1.17,86.79,2.9,07-Jan-2021,09:45,32067.45
-,-,-,30600,-1.37,83.3,3.3,07-Jan-2021,09:45,32067.45
1390.85,109.06,94.23,30700,-1.58,79.54,3.7,07-Jan-2021,09:45,32067.45
1281,91.09,95.92,30800,-1.84,75.82,4.2,07-Jan-2021,09:45,32067.45
1182.4,86.91,95.33,30900,-2.17,72.07,4.8,07-Jan-2021,09:45,32067.45
1061.15,0,0,31000,-2.52,67.91,5.35,07-Jan-2021,09:45,32067.45
960.8,0,0,31100,-3.02,64.03,6.2,07-Jan-2021,09:45,32067.45
862.6,0,0,31200,-3.63,59.94,7.15,07-Jan-2021,09:45,32067.45
760.5,0,0,31300,-4.44,55.87,8.4,07-Jan-2021,09:45,32067.45
671.2,40.76,97.85,31400,-5.59,51.93,10.2,07-Jan-2021,09:45,32067.45
571.75,36.61,97.21,31500,-7.24,48.09,12.8,07-Jan-2021,09:45,32067.45
476.75,37.4,93.83,31600,-9.7,44.43,16.75,07-Jan-2021,09:45,32067.45
381,34.4,90.59,31700,-13.44,40.99,22.95,07-Jan-2021,09:45,32067.45
293.6,34.16,83.27,31800,-19.61,38.57,34.65,07-Jan-2021,09:45,32067.45
215.05,33.97,72.9,31900,-29,37.49,56.3,07-Jan-2021,09:45,32067.45
150.2,34.4,59.76,32000,-40.92,37.12,90.35,07-Jan-2021,09:45,32067.45
98,34.47,45.75,32100,-53.93,37.04,137.85,07-Jan-2021,09:45,32067.45
60.85,34.96,32.55,32200,-66.19,37.81,200.85,07-Jan-2021,09:45,32067.45
35.9,35.56,21.62,32300,-75.91,39.63,277.5,07-Jan-2021,09:45,32067.45
20.9,36.61,13.75,32400,-83.3,41.32,361.5,07-Jan-2021,09:45,32067.45
12.65,38.32,8.75,32500,-87.59,44.96,454.1,07-Jan-2021,09:45,32067.45
7.5,39.86,5.43,32600,-89.85,50.15,551.25,07-Jan-2021,09:45,32067.45
4.6,41.65,3.42,32700,-91.73,54.59,648.3,07-Jan-2021,09:45,32067.45
3.2,44.22,2.36,32800,-95.62,51.33,739,07-Jan-2021,09:45,32067.45
2.6,47.68,1.83,32900,0,0,817.4,07-Jan-2021,09:45,32067.45
2.3,51.55,1.53,33000,-93.12,74.8,950,07-Jan-2021,09:45,32067.45
2.1,55.5,1.32,33100,0,0,1011.2,07-Jan-2021,09:45,32067.45
1.85,59.05,1.12,33200,-,-,-,07-Jan-2021,09:45,32067.45
1.7,62.8,0.98,33300,-,-,-,07-Jan-2021,09:45,32067.45
1.6,66.63,0.88,33400,-,-,-,07-Jan-2021,09:45,32067.45
1.55,70.63,0.81,33500,-,-,-,07-Jan-2021,09:45,32067.45
1.4,73.95,0.71,33600,-,-,-,07-Jan-2021,09:45,32067.45
1.3,77.42,0.64,33700,-,-,-,07-Jan-2021,09:45,32067.45
1.25,81.13,0.59,33800,-,-,-,07-Jan-2021,09:45,32067.45
1.1,83.97,0.51,33900,-,-,-,07-Jan-2021,09:45,32067.45
1.15,88.33,0.5,34000,-,-,-,07-Jan-2021,09:45,32067.45
1.1,91.83,0.47,34100,-,-,-,07-Jan-2021,09:45,32067.45
1.1,95.71,0.45,34200,-,-,-,07-Jan-2021,09:45,32067.45
1.1,99.57,0.43,34300,-,-,-,07-Jan-2021,09:45,32067.45
1.05,102.9,0.4,34400,-,-,-,07-Jan-2021,09:45,32067.45
1.15,107.71,0.42,34500,-,-,-,07-Jan-2021,09:45,32067.45
1.15,111.5,0.41,34600,-,-,-,07-Jan-2021,09:45,32067.45
1,113.64,0.35,34700,-,-,-,07-Jan-2021,09:45,32067.45
-,-,-,23300,-0.07,399.08,0.65,07-Jan-2021,09:50,32030.85
-,-,-,23500,-0.1,399.64,0.9,07-Jan-2021,09:50,32030.85
-,-,-,24000,-0.12,380.87,1.1,07-Jan-2021,09:50,32030.85
-,-,-,24500,-0.09,342.2,0.7,07-Jan-2021,09:50,32030.85
-,-,-,25000,-0.11,323.47,0.85,07-Jan-2021,09:50,32030.85
-,-,-,25500,-0.19,314.23,1.45,07-Jan-2021,09:50,32030.85
-,-,-,26000,-0.14,278.62,0.95,07-Jan-2021,09:50,32030.85
-,-,-,26500,-0.14,251.27,0.8,07-Jan-2021,09:50,32030.85
-,-,-,27000,-0.17,231.96,0.95,07-Jan-2021,09:50,32030.85
-,-,-,27300,-0.12,209.43,0.6,07-Jan-2021,09:50,32030.85
-,-,-,27500,-0.22,212.83,1.15,07-Jan-2021,09:50,32030.85
-,-,-,27600,-0.23,208.21,1.15,07-Jan-2021,09:50,32030.85
-,-,-,27800,-0.25,200.6,1.25,07-Jan-2021,09:50,32030.85
-,-,-,28000,-0.25,189.8,1.15,07-Jan-2021,09:50,32030.85
-,-,-,28100,-0.26,185.99,1.2,07-Jan-2021,09:50,32030.85
-,-,-,28200,-0.29,182.85,1.3,07-Jan-2021,09:50,32030.85
-,-,-,28300,-0.33,180.83,1.5,07-Jan-2021,09:50,32030.85
-,-,-,28400,-0.3,173.63,1.3,07-Jan-2021,09:50,32030.85
-,-,-,28500,-0.28,166.98,1.15,07-Jan-2021,09:50,32030.85
-,-,-,28600,-0.3,163.12,1.2,07-Jan-2021,09:50,32030.85
-,-,-,28700,-0.33,160.47,1.35,07-Jan-2021,09:50,32030.85
-,-,-,28800,-0.34,155.87,1.35,07-Jan-2021,09:50,32030.85
-,-,-,28900,-0.35,151.28,1.35,07-Jan-2021,09:50,32030.85
3070,237.21,95.34,29000,-0.39,147.79,1.45,07-Jan-2021,09:50,32030.85
-,-,-,29100,-0.4,143.18,1.45,07-Jan-2021,09:50,32030.85
-,-,-,29200,-0.44,140.04,1.6,07-Jan-2021,09:50,32030.85
-,-,-,29300,-0.47,135.84,1.65,07-Jan-2021,09:50,32030.85
-,-,-,29400,-0.53,132.86,1.85,07-Jan-2021,09:50,32030.85
2575.4,209.77,94.18,29500,-0.55,128.15,1.85,07-Jan-2021,09:50,32030.85
2486.4,213.64,93.06,29600,-0.59,124.19,1.95,07-Jan-2021,09:50,32030.85
-,-,-,29700,-0.64,120.15,2.05,07-Jan-2021,09:50,32030.85
-,-,-,29800,-0.68,115.72,2.1,07-Jan-2021,09:50,32030.85
-,-,-,29900,-0.74,111.87,2.25,07-Jan-2021,09:50,32030.85
2094.15,191.43,91.47,30000,-0.78,107.06,2.25,07-Jan-2021,09:50,32030.85
-,-,-,30100,-0.84,102.8,2.35,07-Jan-2021,09:50,32030.85
-,-,-,30200,-0.89,98.21,2.4,07-Jan-2021,09:50,32030.85
-,-,-,30300,-0.95,93.6,2.45,07-Jan-2021,09:50,32030.85
-,-,-,30400,-1.04,89.4,2.6,07-Jan-2021,09:50,32030.85
1569.05,135.09,92.56,30500,-1.15,85.1,2.75,07-Jan-2021,09:50,32030.85
1467,126.39,92.49,30600,-1.34,81.62,3.15,07-Jan-2021,09:50,32030.85
1370.9,122.63,91.58,30700,-1.53,77.55,3.45,07-Jan-2021,09:50,32030.85
1265.9,111.57,91.87,30800,-1.78,73.72,3.9,07-Jan-2021,09:50,32030.85
1187.35,119.49,88.47,30900,-2.1,69.88,4.45,07-Jan-2021,09:50,32030.85
1079.6,106.94,88.83,31000,-2.42,65.53,4.9,07-Jan-2021,09:50,32030.85
972.7,94.94,89.15,31100,-2.87,61.34,5.55,07-Jan-2021,09:50,32030.85
883,93.6,86.81,31200,-3.4,56.92,6.25,07-Jan-2021,09:50,32030.85
779.1,83.49,86.41,31300,-4.21,52.82,7.4,07-Jan-2021,09:50,32030.85
684.85,78.49,84.33,31400,-5.36,48.82,9.05,07-Jan-2021,09:50,32030.85
584.15,69.78,82.95,31500,-7.12,45.06,11.65,07-Jan-2021,09:50,32030.85
486.9,62.4,80.6,31600,-9.7,41.25,15.4,07-Jan-2021,09:50,32030.85
394.25,56.35,76.85,31700,-13.66,37.54,21.25,07-Jan-2021,09:50,32030.85
302.7,49.67,71.95,31800,-20.52,34.9,32.95,07-Jan-2021,09:50,32030.85
225.4,46.35,63.9,31900,-31.04,33.08,54,07-Jan-2021,09:50,32030.85
158.1,43.58,53.8,32000,-44.9,31.57,87.4,07-Jan-2021,09:50,32030.85
104.5,41.75,42.28,32100,-61.04,29.4,133.55,07-Jan-2021,09:50,32030.85
64.85,40.58,30.79,32200,-78.57,25.89,193.75,07-Jan-2021,09:50,32030.85
38,39.99,20.77,32300,-98.33,15.39,268.85,07-Jan-2021,09:50,32030.85
21.2,39.84,13.08,32400,0,0,351.8,07-Jan-2021,09:50,32030.85
12.8,41.18,8.38,32500,0,0,441.35,07-Jan-2021,09:50,32030.85
7.8,42.7,5.33,32600,0,0,530,07-Jan-2021,09:50,32030.85
4.95,44.54,3.47,32700,0,0,631,07-Jan-2021,09:50,32030.85
3.45,47,2.41,32800,0,0,727.65,07-Jan-2021,09:50,32030.85
2.7,50.14,1.83,32900,-,-,-,07-Jan-2021,09:50,32030.85
2.35,53.87,1.51,33000,0,0,931.45,07-Jan-2021,09:50,32030.85
2.15,57.84,1.31,33100,-,-,-,07-Jan-2021,09:50,32030.85
1.8,60.97,1.07,33200,-,-,-,07-Jan-2021,09:50,32030.85
1.65,64.69,0.94,33300,-,-,-,07-Jan-2021,09:50,32030.85
1.45,67.96,0.8,33400,-,-,-,07-Jan-2021,09:50,32030.85
1.3,71.29,0.69,33500,-,-,-,07-Jan-2021,09:50,32030.85
1.25,75.12,0.64,33600,-,-,-,07-Jan-2021,09:50,32030.85
1.15,78.49,0.57,33700,-,-,-,07-Jan-2021,09:50,32030.85
1.1,82.14,0.52,33800,-,-,-,07-Jan-2021,09:50,32030.85
1.1,86.13,0.5,33900,-,-,-,07-Jan-2021,09:50,32030.85
1.05,89.65,0.46,34000,-,-,-,07-Jan-2021,09:50,32030.85
1.05,93.57,0.44,34100,-,-,-,07-Jan-2021,09:50,32030.85
1,96.97,0.41,34200,-,-,-,07-Jan-2021,09:50,32030.85
1,100.82,0.4,34300,-,-,-,07-Jan-2021,09:50,32030.85
1,104.64,0.38,34400,-,-,-,07-Jan-2021,09:50,32030.85
1,108.44,0.37,34500,-,-,-,07-Jan-2021,09:50,32030.85
1.05,112.77,0.37,34600,-,-,-,07-Jan-2021,09:50,32030.85
1,115.96,0.35,34700,-,-,-,07-Jan-2021,09:50,32030.85
-,-,-,23300,-0.06,393.86,0.5,07-Jan-2021,09:55,32032.55
-,-,-,23400,-0.06,388.9,0.5,07-Jan-2021,09:55,32032.55
-,-,-,23500,-0.07,389.52,0.6,07-Jan-2021,09:55,32032.55
-,-,-,24000,-0.08,367.15,0.65,07-Jan-2021,09:55,32032.55
-,-,-,24100,-0.1,370.37,0.85,07-Jan-2021,09:55,32032.55
-,-,-,24500,-0.09,346.79,0.75,07-Jan-2021,09:55,32032.55
-,-,-,25000,-0.1,322.49,0.75,07-Jan-2021,09:55,32032.55
-,-,-,25500,-0.09,293.05,0.6,07-Jan-2021,09:55,32032.55
-,-,-,26000,-0.12,275.01,0.75,07-Jan-2021,09:55,32032.55
-,-,-,26500,-0.13,251.78,0.75,07-Jan-2021,09:55,32032.55
-,-,-,27000,-0.13,227.46,0.7,07-Jan-2021,09:55,32032.55
-,-,-,27100,-0.18,230.19,1,07-Jan-2021,09:55,32032.55
-,-,-,27300,-0.32,235.14,1.9,07-Jan-2021,09:55,32032.55
-,-,-,27500,-0.19,210.67,0.95,07-Jan-2021,09:55,32032.55
-,-,-,27600,-0.23,209.82,1.15,07-Jan-2021,09:55,32032.55
-,-,-,27700,-0.25,206.83,1.25,07-Jan-2021,09:55,32032.55
-,-,-,27800,-0.21,197.88,1,07-Jan-2021,09:55,32032.55
-,-,-,27900,-0.2,191.4,0.9,07-Jan-2021,09:55,32032.55
-,-,-,28000,-0.23,189.61,1.05,07-Jan-2021,09:55,32032.55
-,-,-,28300,-0.27,178.21,1.2,07-Jan-2021,09:55,32032.55
-,-,-,28400,-0.28,173.6,1.2,07-Jan-2021,09:55,32032.55
-,-,-,28500,-0.28,168.29,1.15,07-Jan-2021,09:55,32032.55
-,-,-,28600,-0.29,163.71,1.15,07-Jan-2021,09:55,32032.55
-,-,-,28700,-0.32,161.11,1.3,07-Jan-2021,09:55,32032.55
-,-,-,28800,-0.35,157.69,1.4,07-Jan-2021,09:55,32032.55
-,-,-,28900,-0.36,153.05,1.4,07-Jan-2021,09:55,32032.55
-,-,-,29000,-0.4,149.49,1.5,07-Jan-2021,09:55,32032.55
-,-,-,29100,-0.43,145.83,1.6,07-Jan-2021,09:55,32032.55
-,-,-,29200,-0.42,140.17,1.5,07-Jan-2021,09:55,32032.55
-,-,-,29300,-0.5,138.24,1.8,07-Jan-2021,09:55,32032.55
-,-,-,29400,-0.52,133.51,1.8,07-Jan-2021,09:55,32032.55
-,-,-,29500,-0.56,129.57,1.9,07-Jan-2021,09:55,32032.55
-,-,-,29600,-0.62,125.9,2.05,07-Jan-2021,09:55,32032.55
-,-,-,29700,-0.63,120.77,2,07-Jan-2021,09:55,32032.55
-,-,-,29800,-0.7,117.3,2.2,07-Jan-2021,09:55,32032.55
-,-,-,29900,-0.73,112.47,2.2,07-Jan-2021,09:55,32032.55
2025,0,0,30000,-0.77,107.93,2.25,07-Jan-2021,09:55,32032.55
-,-,-,30100,-0.81,103.09,2.25,07-Jan-2021,09:55,32032.55
-,-,-,30200,-0.86,98.5,2.3,07-Jan-2021,09:55,32032.55
1723.4,0,0,30300,-0.93,94.13,2.4,07-Jan-2021,09:55,32032.55
-,-,-,30400,-1.01,89.69,2.5,07-Jan-2021,09:55,32032.55
1528.15,0,0,30500,-1.13,85.61,2.7,07-Jan-2021,09:55,32032.55
1432.5,0,0,30600,-1.26,81.39,2.9,07-Jan-2021,09:55,32032.55
-,-,-,30700,-1.42,77.22,3.15,07-Jan-2021,09:55,32032.55
1222,0,0,30800,-1.68,73.49,3.6,07-Jan-2021,09:55,32032.55
-,-,-,30900,-1.96,69.48,4.05,07-Jan-2021,09:55,32032.55
1038.85,66.88,97.45,31000,-2.35,65.67,4.7,07-Jan-2021,09:55,32032.55
929.35,0,0,31100,-2.75,61.31,5.25,07-Jan-2021,09:55,32032.55
839.3,56.54,96.82,31200,-3.36,57.27,6.15,07-Jan-2021,09:55,32032.55
737.2,46.99,97.49,31300,-4.22,53.38,7.45,07-Jan-2021,09:55,32032.55
645,51.8,93.75,31400,-5.41,49.45,9.2,07-Jan-2021,09:55,32032.55
546.55,46.67,92.39,31500,-7.2,45.73,11.9,07-Jan-2021,09:55,32032.55
451.7,43.57,89.33,31600,-9.88,42.07,15.95,07-Jan-2021,09:55,32032.55
359.95,40.72,84.69,31700,-14.26,38.98,23.1,07-Jan-2021,09:55,32032.55
273,38.06,77.83,31800,-21.4,36.79,36.4,07-Jan-2021,09:55,32032.55
195.55,36.28,67.75,31900,-32.1,35.95,61,07-Jan-2021,09:55,32032.55
134.25,36.19,54.75,32000,-45.17,35.59,98.75,07-Jan-2021,09:55,32032.55
86.9,36.26,41.23,32100,-58.89,35.78,151.8,07-Jan-2021,09:55,32032.55
54.4,36.99,29.11,32200,-71.19,36.42,219.25,07-Jan-2021,09:55,32032.55
32.65,37.78,19.39,32300,-81.39,36.57,296.4,07-Jan-2021,09:55,32032.55
19.55,39.03,12.52,32400,-88.2,37.86,384.05,07-Jan-2021,09:55,32032.55
11.9,40.64,8.02,32500,-93.52,37.66,475,07-Jan-2021,09:55,32032.55
7.1,42.1,5.01,32600,-95.55,40.7,572.4,07-Jan-2021,09:55,32032.55
4.45,43.95,3.21,32700,-97.69,40.79,669.25,07-Jan-2021,09:55,32032.55
3.15,46.59,2.25,32800,-96.93,49.89,771.2,07-Jan-2021,09:55,32032.55
2.6,50.15,1.78,32900,-96.06,59.87,874.05,07-Jan-2021,09:55,32032.55
2.3,54.03,1.49,33000,-97,62.36,972.25,07-Jan-2021,09:55,32032.55
1.95,57.43,1.22,33100,-91.19,95.08,1097.4,07-Jan-2021,09:55,32032.55
1.8,61.35,1.07,33200,-,-,-,07-Jan-2021,09:55,32032.55
1.55,64.6,0.89,33300,-,-,-,07-Jan-2021,09:55,32032.55
1.5,68.67,0.82,33400,-,-,-,07-Jan-2021,09:55,32032.55
1.4,72.37,0.73,33500,-,-,-,07-Jan-2021,09:55,32032.55
1.25,75.6,0.64,33600,-,-,-,07-Jan-2021,09:55,32032.55
1.35,80.45,0.64,33700,-,-,-,07-Jan-2021,09:55,32032.55
1.35,84.58,0.62,33800,-,-,-,07-Jan-2021,09:55,32032.55
1.3,88.31,0.57,33900,-,-,-,07-Jan-2021,09:55,32032.55
1.2,91.56,0.51,34000,-,-,-,07-Jan-2021,09:55,32032.55
1.25,95.98,0.51,34100,-,-,-,07-Jan-2021,09:55,32032.55
1.3,100.39,0.51,34200,-,-,-,07-Jan-2021,09:55,32032.55
1.25,103.92,0.48,34300,-,-,-,07-Jan-2021,09:55,32032.55
1.1,106.4,0.41,34400,-,-,-,07-Jan-2021,09:55,32032.55
1.25,111.74,0.45,34500,-,-,-,07-Jan-2021,09:55,32032.55
1.25,115.62,0.43,34600,-,-,-,07-Jan-2021,09:55,32032.55
1.25,119.47,0.42,34700,-,-,-,07-Jan-2021,09:55,32032.55
-,-,-,23300,-0.05,393.05,0.45,07-Jan-2021,10:00,32016.5
-,-,-,23400,-0.06,391.27,0.5,07-Jan-2021,10:00,32016.5
-,-,-,23500,-0.06,389.19,0.55,07-Jan-2021,10:00,32016.5
-,-,-,24000,-0.09,375.71,0.8,07-Jan-2021,10:00,32016.5
-,-,-,24500,-0.07,337.5,0.5,07-Jan-2021,10:00,32016.5
-,-,-,25000,-0.11,326.1,0.8,07-Jan-2021,10:00,32016.5
-,-,-,25500,-0.13,306.43,0.95,07-Jan-2021,10:00,32016.5
-,-,-,26000,-0.13,278.03,0.8,07-Jan-2021,10:00,32016.5
-,-,-,26500,-0.12,251.56,0.7,07-Jan-2021,10:00,32016.5
-,-,-,26900,-0.12,231.66,0.65,07-Jan-2021,10:00,32016.5
-,-,-,27000,-0.16,232.54,0.85,07-Jan-2021,10:00,32016.5
-,-,-,27100,-0.18,231.3,1,07-Jan-2021,10:00,32016.5
-,-,-,27300,-0.19,221.95,1,07-Jan-2021,10:00,32016.5
-,-,-,27500,-0.2,212.64,1,07-Jan-2021,10:00,32016.5
-,-,-,27600,-0.24,211.63,1.2,07-Jan-2021,10:00,32016.5
-,-,-,27700,-0.21,203.36,1,07-Jan-2021,10:00,32016.5
-,-,-,27800,-0.21,198.74,1,07-Jan-2021,10:00,32016.5
-,-,-,28000,-0.24,191.26,1.1,07-Jan-2021,10:00,32016.5
-,-,-,28100,-0.28,189.7,1.3,07-Jan-2021,10:00,32016.5
-,-,-,28300,-0.32,182.32,1.45,07-Jan-2021,10:00,32016.5
-,-,-,28400,-0.28,174.26,1.2,07-Jan-2021,10:00,32016.5
-,-,-,28500,-0.29,169.62,1.2,07-Jan-2021,10:00,32016.5
-,-,-,28600,-0.27,162.82,1.05,07-Jan-2021,10:00,32016.5
-,-,-,28700,-0.26,157.49,1,07-Jan-2021,10:00,32016.5
-,-,-,28800,-0.35,157.62,1.35,07-Jan-2021,10:00,32016.5
-,-,-,28900,-0.36,152.96,1.35,07-Jan-2021,10:00,32016.5
3045,225.15,96.27,29000,-0.4,149.94,1.5,07-Jan-2021,10:00,32016.5
-,-,-,29100,-0.42,145.76,1.55,07-Jan-2021,10:00,32016.5
-,-,-,29200,-0.48,142.92,1.75,07-Jan-2021,10:00,32016.5
-,-,-,29300,-0.52,139.01,1.85,07-Jan-2021,10:00,32016.5
-,-,-,29400,-0.55,134.63,1.9,07-Jan-2021,10:00,32016.5
-,-,-,29500,-0.55,129.45,1.85,07-Jan-2021,10:00,32016.5
-,-,-,29600,-0.58,125.05,1.9,07-Jan-2021,10:00,32016.5
-,-,-,29700,-0.61,120.26,1.9,07-Jan-2021,10:00,32016.5
-,-,-,29800,-0.67,116.49,2.05,07-Jan-2021,10:00,32016.5
-,-,-,29900,-0.71,111.97,2.1,07-Jan-2021,10:00,32016.5
2056.4,172.65,93.65,30000,-0.74,107.13,2.1,07-Jan-2021,10:00,32016.5
-,-,-,30100,-0.8,102.85,2.2,07-Jan-2021,10:00,32016.5
-,-,-,30200,-0.85,98.24,2.25,07-Jan-2021,10:00,32016.5
-,-,-,30300,-0.89,93.33,2.25,07-Jan-2021,10:00,32016.5
-,-,-,30400,-0.95,88.66,2.3,07-Jan-2021,10:00,32016.5
1533.8,113.94,95.68,30500,-1.02,83.96,2.35,07-Jan-2021,10:00,32016.5
1431.95,105.18,95.83,30600,-1.17,80.05,2.6,07-Jan-2021,10:00,32016.5
-,-,-,30700,-1.29,75.58,2.75,07-Jan-2021,10:00,32016.5
1250.5,111.44,91.96,30800,-1.49,71.52,3.05,07-Jan-2021,10:00,32016.5
1141.7,96.77,93.02,30900,-1.77,67.68,3.5,07-Jan-2021,10:00,32016.5
1037.7,86.22,93.39,31000,-2.13,63.8,4.05,07-Jan-2021,10:00,32016.5
944.1,84.99,91.56,31100,-2.59,59.9,4.75,07-Jan-2021,10:00,32016.5
839,73.79,92.05,31200,-3.2,55.96,5.65,07-Jan-2021,10:00,32016.5
738,66,91.6,31300,-4.1,52.22,7,07-Jan-2021,10:00,32016.5
640,60.41,90.22,31400,-5.43,48.61,9,07-Jan-2021,10:00,32016.5
545,56.27,87.76,31500,-7.29,44.89,11.75,07-Jan-2021,10:00,32016.5
451,51.7,84.61,31600,-10.02,41.07,15.7,07-Jan-2021,10:00,32016.5
356,45.61,81,31700,-14.51,37.78,22.7,07-Jan-2021,10:00,32016.5
270.8,42.35,74.14,31800,-22.08,35.57,36.35,07-Jan-2021,10:00,32016.5
193.35,39.43,64.7,31900,-33.33,34.4,61,07-Jan-2021,10:00,32016.5
131.7,38.36,52.46,32000,-47.24,33.59,98.95,07-Jan-2021,10:00,32016.5
85.25,38.1,39.56,32100,-62.13,32.81,151.5,07-Jan-2021,10:00,32016.5
53.15,38.49,27.95,32200,-76.08,31.81,218.25,07-Jan-2021,10:00,32016.5
31.95,39.15,18.66,32300,-87.1,30.88,298.4,07-Jan-2021,10:00,32016.5
18.75,40.04,11.93,32400,-97.31,24.54,384.5,07-Jan-2021,10:00,32016.5
11.25,41.46,7.57,32500,0,0,479.8,07-Jan-2021,10:00,32016.5
6.5,42.63,4.62,32600,0,0,566.9,07-Jan-2021,10:00,32016.5
4,44.36,2.92,32700,0,0,670,07-Jan-2021,10:00,32016.5
2.95,47.3,2.11,32800,0,0,768.85,07-Jan-2021,10:00,32016.5
2.55,51.19,1.73,32900,0,0,869.75,07-Jan-2021,10:00,32016.5
2.3,55.23,1.47,33000,0,0,962.75,07-Jan-2021,10:00,32016.5
2,58.83,1.23,33100,0,0,1063.1,07-Jan-2021,10:00,32016.5
1.85,62.79,1.08,33200,0,0,1170.1,07-Jan-2021,10:00,32016.5
1.65,66.33,0.93,33300,-,-,-,07-Jan-2021,10:00,32016.5
1.5,69.92,0.81,33400,-,-,-,07-Jan-2021,10:00,32016.5
1.35,73.33,0.71,33500,-,-,-,07-Jan-2021,10:00,32016.5
1.3,77.23,0.65,33600,-,-,-,07-Jan-2021,10:00,32016.5
1.25,81.06,0.6,33700,-,-,-,07-Jan-2021,10:00,32016.5
1.3,85.57,0.59,33800,-,-,-,07-Jan-2021,10:00,32016.5
1.35,90.06,0.59,33900,-,-,-,07-Jan-2021,10:00,32016.5
1.15,92.52,0.49,34000,-,-,-,07-Jan-2021,10:00,32016.5
1.1,96.07,0.46,34100,-,-,-,07-Jan-2021,10:00,32016.5
1.15,100.51,0.46,34200,-,-,-,07-Jan-2021,10:00,32016.5
1.05,103.46,0.41,34300,-,-,-,07-Jan-2021,10:00,32016.5
1.1,107.88,0.41,34400,-,-,-,07-Jan-2021,10:00,32016.5
1.15,112.28,0.41,34500,-,-,-,07-Jan-2021,10:00,32016.5
1.15,116.15,0.4,34600,-,-,-,07-Jan-2021,10:00,32016.5
1.15,120,0.39,34700,-,-,-,07-Jan-2021,10:00,32016.5
-,-,-,23300,-0.05,395.48,0.45,07-Jan-2021,10:05,31999.95
-,-,-,23400,-0.06,396.62,0.55,07-Jan-2021,10:05,31999.95
-,-,-,23500,-0.08,399.21,0.7,07-Jan-2021,10:05,31999.95
-,-,-,24000,-0.09,375.95,0.75,07-Jan-2021,10:05,31999.95
-,-,-,24100,-0.13,384.68,1.15,07-Jan-2021,10:05,31999.95
-,-,-,25000,-0.1,326.2,0.75,07-Jan-2021,10:05,31999.95
-,-,-,25500,-0.12,305.17,0.85,07-Jan-2021,10:05,31999.95
-,-,-,26000,-0.14,282.43,0.9,07-Jan-2021,10:05,31999.95
-,-,-,26500,-0.14,255.82,0.8,07-Jan-2021,10:05,31999.95
-,-,-,26900,-0.18,241.89,1,07-Jan-2021,10:05,31999.95
-,-,-,27000,-0.16,233.68,0.85,07-Jan-2021,10:05,31999.95
-,-,-,27300,-0.21,224.99,1.1,07-Jan-2021,10:05,31999.95
-,-,-,27500,-0.21,214.59,1.05,07-Jan-2021,10:05,31999.95
-,-,-,27600,-0.11,196.41,0.5,07-Jan-2021,10:05,31999.95
-,-,-,27700,-0.21,204.26,1,07-Jan-2021,10:05,31999.95
-,-,-,27800,-0.22,200.53,1.05,07-Jan-2021,10:05,31999.95
-,-,-,28000,-0.24,192.06,1.1,07-Jan-2021,10:05,31999.95
-,-,-,28100,-0.25,188.2,1.15,07-Jan-2021,10:05,31999.95
-,-,-,28400,-0.3,176.32,1.3,07-Jan-2021,10:05,31999.95
-,-,-,28500,-0.28,169.52,1.15,07-Jan-2021,10:05,31999.95
-,-,-,28600,-0.29,164.87,1.15,07-Jan-2021,10:05,31999.95
-,-,-,28700,-0.31,160.91,1.2,07-Jan-2021,10:05,31999.95
-,-,-,28800,-0.35,158.14,1.35,07-Jan-2021,10:05,31999.95
-,-,-,28900,-0.37,154.02,1.4,07-Jan-2021,10:05,31999.95
3054,258.21,94.13,29000,-0.39,149.85,1.45,07-Jan-2021,10:05,31999.95
-,-,-,29100,-0.42,146.17,1.55,07-Jan-2021,10:05,31999.95
-,-,-,29200,-0.44,141.42,1.55,07-Jan-2021,10:05,31999.95
-,-,-,29300,-0.49,138.06,1.7,07-Jan-2021,10:05,31999.95
-,-,-,29400,-0.54,134.53,1.85,07-Jan-2021,10:05,31999.95
-,-,-,29500,-0.56,129.72,1.85,07-Jan-2021,10:05,31999.95
-,-,-,29600,-0.58,124.9,1.85,07-Jan-2021,10:05,31999.95
-,-,-,29700,-0.64,121.16,2,07-Jan-2021,10:05,31999.95
-,-,-,29800,-0.67,116.64,2.05,07-Jan-2021,10:05,31999.95
-,-,-,29900,-0.7,111.76,2.05,07-Jan-2021,10:05,31999.95
2025,156.12,95.38,30000,-0.74,107.19,2.1,07-Jan-2021,10:05,31999.95
-,-,-,30100,-0.8,102.88,2.2,07-Jan-2021,10:05,31999.95
-,-,-,30200,-0.83,97.68,2.15,07-Jan-2021,10:05,31999.95
-,-,-,30300,-0.9,93.28,2.25,07-Jan-2021,10:05,31999.95
-,-,-,30400,-0.96,88.57,2.3,07-Jan-2021,10:05,31999.95
1542,139.47,91.96,30500,-1.03,83.82,2.35,07-Jan-2021,10:05,31999.95
-,-,-,30600,-1.11,79.02,2.4,07-Jan-2021,10:05,31999.95
-,-,-,30700,-1.23,74.59,2.55,07-Jan-2021,10:05,31999.95
1227.25,105.28,92.98,30800,-1.41,70.39,2.8,07-Jan-2021,10:05,31999.95
1138.1,107.24,90.76,30900,-1.65,66.33,3.15,07-Jan-2021,10:05,31999.95
1020,84.69,93.57,31000,-2.05,62.8,3.8,07-Jan-2021,10:05,31999.95
938.6,92.7,89.44,31100,-2.46,58.61,4.35,07-Jan-2021,10:05,31999.95
835,82.68,89.31,31200,-3.11,54.84,5.3,07-Jan-2021,10:05,31999.95
725.1,68.21,90.56,31300,-4,51.07,6.6,07-Jan-2021,10:05,31999.95
630,64.15,88.42,31400,-5.25,47.21,8.35,07-Jan-2021,10:05,31999.95
538.75,61.35,85.12,31500,-7.2,43.59,11.15,07-Jan-2021,10:05,31999.95
444,55.53,82.12,31600,-9.95,39.63,14.9,07-Jan-2021,10:05,31999.95
349.95,49.13,78.22,31700,-14.59,36.19,21.7,07-Jan-2021,10:05,31999.95
265,45.05,71.5,31800,-22.65,33.95,35.55,07-Jan-2021,10:05,31999.95
188.55,41.64,62.18,31900,-34.61,32.43,60.1,07-Jan-2021,10:05,31999.95
126.35,39.65,50.32,32000,-49.69,31.16,98.45,07-Jan-2021,10:05,31999.95
80.6,38.96,37.67,32100,-66.17,29.54,151.65,07-Jan-2021,10:05,31999.95
49.85,39.24,26.42,32200,-81.57,27.63,221.1,07-Jan-2021,10:05,31999.95
29.9,39.9,17.56,32300,-95.39,22.18,302.4,07-Jan-2021,10:05,31999.95
18,41.11,11.37,32400,0,0,389.5,07-Jan-2021,10:05,31999.95
11.35,42.97,7.45,32500,0,0,482.65,07-Jan-2021,10:05,31999.95
7.05,44.66,4.8,32600,0,0,592.75,07-Jan-2021,10:05,31999.95
4.55,46.62,3.16,32700,0,0,661.2,07-Jan-2021,10:05,31999.95
3.25,49.26,2.24,32800,-,-,-,07-Jan-2021,10:05,31999.95
2.75,53,1.81,32900,-,-,-,07-Jan-2021,10:05,31999.95
2.45,56.97,1.53,33000,0,0,972,07-Jan-2021,10:05,31999.95
2.25,61.04,1.33,33100,-,-,-,07-Jan-2021,10:05,31999.95
1.95,64.49,1.11,33200,-,-,-,07-Jan-2021,10:05,31999.95
1.7,67.87,0.94,33300,-,-,-,07-Jan-2021,10:05,31999.95
1.5,71.22,0.8,33400,-,-,-,07-Jan-2021,10:05,31999.95
1.35,74.64,0.7,33500,-,-,-,07-Jan-2021,10:05,31999.95
1.3,78.56,0.65,33600,-,-,-,07-Jan-2021,10:05,31999.95
1.25,82.41,0.6,33700,-,-,-,07-Jan-2021,10:05,31999.95
1.15,85.78,0.53,33800,-,-,-,07-Jan-2021,10:05,31999.95
1.1,89.44,0.49,33900,-,-,-,07-Jan-2021,10:05,31999.95
1,92.55,0.44,34000,-,-,-,07-Jan-2021,10:05,31999.95
1.05,97.04,0.44,34100,-,-,-,07-Jan-2021,10:05,31999.95
1.05,101.01,0.42,34200,-,-,-,07-Jan-2021,10:05,31999.95
1,104.43,0.39,34300,-,-,-,07-Jan-2021,10:05,31999.95
1.05,108.88,0.39,34400,-,-,-,07-Jan-2021,10:05,31999.95
1,112.22,0.37,34500,-,-,-,07-Jan-2021,10:05,31999.95
1.05,116.65,0.37,34600,-,-,-,07-Jan-2021,10:05,31999.95
1.05,120.5,0.36,34700,-,-,-,07-Jan-2021,10:05,31999.95
-,-,-,23300,-0.06,401.66,0.5,07-Jan-2021,10:10,31995.75
-,-,-,23500,-0.09,406.6,0.8,07-Jan-2021,10:10,31995.75
-,-,-,24000,-0.1,384.55,0.9,07-Jan-2021,10:10,31995.75
-,-,-,24500,-0.07,344.59,0.55,07-Jan-2021,10:10,31995.75
-,-,-,25000,-0.1,326.68,0.7,07-Jan-2021,10:10,31995.75
-,-,-,25500,-0.15,314.45,1.1,07-Jan-2021,10:10,31995.75
-,-,-,26000,-0.13,283.04,0.85,07-Jan-2021,10:10,31995.75
-,-,-,26500,-0.13,256.2,0.75,07-Jan-2021,10:10,31995.75
-,-,-,26600,-0.17,258.01,1,07-Jan-2021,10:10,31995.75
-,-,-,27000,-0.16,236.55,0.9,07-Jan-2021,10:10,31995.75
-,-,-,27300,-0.2,225.59,1.05,07-Jan-2021,10:10,31995.75
-,-,-,27400,-0.13,209.98,0.6,07-Jan-2021,10:10,31995.75
-,-,-,27500,-0.22,217.04,1.1,07-Jan-2021,10:10,31995.75
-,-,-,27600,-0.24,214.06,1.2,07-Jan-2021,10:10,31995.75
4050,332.08,95.25,28000,-0.26,195.02,1.2,07-Jan-2021,10:10,31995.75
-,-,-,28500,-0.28,170.67,1.15,07-Jan-2021,10:10,31995.75
-,-,-,28600,-0.28,165.25,1.1,07-Jan-2021,10:10,31995.75
-,-,-,28700,-0.33,163.3,1.3,07-Jan-2021,10:10,31995.75
-,-,-,28800,-0.32,157.29,1.2,07-Jan-2021,10:10,31995.75
-,-,-,28900,-0.39,156.16,1.5,07-Jan-2021,10:10,31995.75
-,-,-,29000,-0.38,150.29,1.4,07-Jan-2021,10:10,31995.75
-,-,-,29100,-0.41,146.61,1.5,07-Jan-2021,10:10,31995.75
-,-,-,29200,-0.46,143.3,1.65,07-Jan-2021,10:10,31995.75
-,-,-,29300,-0.52,140.25,1.85,07-Jan-2021,10:10,31995.75
-,-,-,29400,-0.49,133.69,1.65,07-Jan-2021,10:10,31995.75
-,-,-,29500,-0.54,130.14,1.8,07-Jan-2021,10:10,31995.75
-,-,-,29600,-0.58,125.68,1.85,07-Jan-2021,10:10,31995.75
-,-,-,29700,-0.6,120.82,1.85,07-Jan-2021,10:10,31995.75
-,-,-,29800,-0.65,116.67,1.95,07-Jan-2021,10:10,31995.75
-,-,-,29900,-0.73,113.08,2.15,07-Jan-2021,10:10,31995.75
2020,156.05,95.47,30000,-0.76,108.14,2.15,07-Jan-2021,10:10,31995.75
-,-,-,30100,-0.84,104.05,2.3,07-Jan-2021,10:10,31995.75
-,-,-,30200,-0.87,99.06,2.3,07-Jan-2021,10:10,31995.75
-,-,-,30300,-0.93,94.32,2.35,07-Jan-2021,10:10,31995.75
-,-,-,30400,-1,89.54,2.4,07-Jan-2021,10:10,31995.75
1500,88.03,98.67,30500,-1.08,84.95,2.5,07-Jan-2021,10:10,31995.75
-,-,-,30600,-1.22,80.69,2.7,07-Jan-2021,10:10,31995.75
-,-,-,30700,-1.31,75.73,2.75,07-Jan-2021,10:10,31995.75
-,-,-,30800,-1.51,71.58,3.05,07-Jan-2021,10:10,31995.75
1125,100.57,92.19,30900,-1.8,67.66,3.5,07-Jan-2021,10:10,31995.75
1020,89.1,92.65,31000,-2.16,63.69,4.05,07-Jan-2021,10:10,31995.75
923.1,84.69,91.48,31100,-2.66,59.8,4.8,07-Jan-2021,10:10,31995.75
818.5,73.76,91.84,31200,-3.31,55.83,5.75,07-Jan-2021,10:10,31995.75
711.55,60.64,93.04,31300,-4.3,52.15,7.25,07-Jan-2021,10:10,31995.75
615,56.66,91.2,31400,-5.7,48.46,9.35,07-Jan-2021,10:10,31995.75
518.5,51.87,89.04,31500,-7.77,44.81,12.45,07-Jan-2021,10:10,31995.75
424.5,47.69,85.68,31600,-10.84,41.1,17,07-Jan-2021,10:10,31995.75
332.1,43.02,81.14,31700,-15.91,38.01,25.2,07-Jan-2021,10:10,31995.75
247.25,39.82,73.65,31800,-24.2,35.95,40.75,07-Jan-2021,10:10,31995.75
172.55,37.5,63,31900,-35.95,34.53,67,07-Jan-2021,10:10,31995.75
114.1,36.74,49.73,32000,-50.32,33.77,108,07-Jan-2021,10:10,31995.75
70.65,36.45,36.17,32100,-65.16,33.16,164.25,07-Jan-2021,10:10,31995.75
43.05,37.29,24.71,32200,-78.01,33.05,236.05,07-Jan-2021,10:10,31995.75
25.75,38.48,16.14,32300,-87.14,33.62,320.25,07-Jan-2021,10:10,31995.75
15.65,40.14,10.39,32400,-94.11,32.37,409.7,07-Jan-2021,10:10,31995.75
9.85,42.18,6.76,32500,0,0,502.35,07-Jan-2021,10:10,31995.75
6.2,44.14,4.37,32600,0,0,588.55,07-Jan-2021,10:10,31995.75
4.05,46.3,2.89,32700,0,0,681.6,07-Jan-2021,10:10,31995.75
3,49.25,2.1,32800,0,0,799.3,07-Jan-2021,10:10,31995.75
2.5,52.9,1.67,32900,0,0,900,07-Jan-2021,10:10,31995.75
2.3,57.12,1.45,33000,0,0,992.75,07-Jan-2021,10:10,31995.75
2.1,61.15,1.26,33100,-,-,-,07-Jan-2021,10:10,31995.75
1.8,64.53,1.04,33200,-,-,-,07-Jan-2021,10:10,31995.75
1.6,68.08,0.89,33300,-,-,-,07-Jan-2021,10:10,31995.75
1.5,71.97,0.8,33400,-,-,-,07-Jan-2021,10:10,31995.75
1.4,75.73,0.72,33500,-,-,-,07-Jan-2021,10:10,31995.75
1.35,79.71,0.66,33600,-,-,-,07-Jan-2021,10:10,31995.75
1.25,83.24,0.6,33700,-,-,-,07-Jan-2021,10:10,31995.75
1.05,85.77,0.49,33800,-,-,-,07-Jan-2021,10:10,31995.75
1.25,91.6,0.55,33900,-,-,-,07-Jan-2021,10:10,31995.75
1,93.45,0.44,34000,-,-,-,07-Jan-2021,10:10,31995.75
1.05,97.97,0.44,34100,-,-,-,07-Jan-2021,10:10,31995.75
1.1,102.48,0.44,34200,-,-,-,07-Jan-2021,10:10,31995.75
1,105.42,0.39,34300,-,-,-,07-Jan-2021,10:10,31995.75
1,109.36,0.38,34400,-,-,-,07-Jan-2021,10:10,31995.75
0.95,112.68,0.35,34500,-,-,-,07-Jan-2021,10:10,31995.75
1.05,117.74,0.37,34600,-,-,-,07-Jan-2021,10:10,31995.75
1,121.01,0.35,34700,-,-,-,07-Jan-2021,10:10,31995.75
-,-,-,23300,-0.06,406.26,0.5,07-Jan-2021,10:15,32035.05
-,-,-,23400,-0.06,404.15,0.55,07-Jan-2021,10:15,32035.05
-,-,-,23500,-0.09,411.29,0.8,07-Jan-2021,10:15,32035.05
-,-,-,24000,-0.1,389.08,0.9,07-Jan-2021,10:15,32035.05
-,-,-,24100,-0.16,401.54,1.5,07-Jan-2021,10:15,32035.05
-,-,-,24500,-0.11,361.5,0.85,07-Jan-2021,10:15,32035.05
-,-,-,25000,-0.13,340.98,1,07-Jan-2021,10:15,32035.05
-,-,-,25500,-0.13,312.88,0.9,07-Jan-2021,10:15,32035.05
-,-,-,26000,-0.16,293.46,1.1,07-Jan-2021,10:15,32035.05
-,-,-,26500,-0.21,273.97,1.35,07-Jan-2021,10:15,32035.05
-,-,-,27000,-0.16,238.74,0.85,07-Jan-2021,10:15,32035.05
-,-,-,27100,-0.23,244.29,1.35,07-Jan-2021,10:15,32035.05
-,-,-,27300,-0.25,235.32,1.4,07-Jan-2021,10:15,32035.05
-,-,-,27500,-0.22,221.28,1.15,07-Jan-2021,10:15,32035.05
-,-,-,27600,-0.23,217.36,1.2,07-Jan-2021,10:15,32035.05
-,-,-,27700,-0.21,209.86,1.05,07-Jan-2021,10:15,32035.05
-,-,-,27800,-0.22,205.11,1.05,07-Jan-2021,10:15,32035.05
-,-,-,27900,-0.21,199.45,1,07-Jan-2021,10:15,32035.05
-,-,-,28000,-0.25,197.36,1.15,07-Jan-2021,10:15,32035.05
-,-,-,28100,-0.22,190.03,1,07-Jan-2021,10:15,32035.05
-,-,-,28200,-0.23,185.33,1,07-Jan-2021,10:15,32035.05
-,-,-,28300,-0.32,187.39,1.45,07-Jan-2021,10:15,32035.05
-,-,-,28400,-0.26,177.6,1.1,07-Jan-2021,10:15,32035.05
-,-,-,28500,-0.28,173.65,1.15,07-Jan-2021,10:15,32035.05
-,-,-,28600,-0.29,168.92,1.15,07-Jan-2021,10:15,32035.05
-,-,-,28700,-0.29,164.21,1.15,07-Jan-2021,10:15,32035.05
-,-,-,28800,-0.33,161.49,1.3,07-Jan-2021,10:15,32035.05
-,-,-,28900,-0.36,157.94,1.4,07-Jan-2021,10:15,32035.05
-,-,-,29000,-0.37,153.16,1.4,07-Jan-2021,10:15,32035.05
-,-,-,29100,-0.44,151,1.65,07-Jan-2021,10:15,32035.05
-,-,-,29200,-0.44,145.67,1.6,07-Jan-2021,10:15,32035.05
-,-,-,29300,-0.5,142.67,1.8,07-Jan-2021,10:15,32035.05
-,-,-,29400,-0.5,136.92,1.7,07-Jan-2021,10:15,32035.05
-,-,-,29500,-0.55,133.32,1.85,07-Jan-2021,10:15,32035.05
-,-,-,29600,-0.59,129.21,1.95,07-Jan-2021,10:15,32035.05
-,-,-,29700,-0.6,123.92,1.9,07-Jan-2021,10:15,32035.05
-,-,-,29800,-0.68,120.41,2.1,07-Jan-2021,10:15,32035.05
-,-,-,29900,-0.7,115.46,2.1,07-Jan-2021,10:15,32035.05
2010.1,0,0,30000,-0.73,110.5,2.1,07-Jan-2021,10:15,32035.05
-,-,-,30100,-0.76,105.54,2.1,07-Jan-2021,10:15,32035.05
-,-,-,30200,-0.81,100.85,2.15,07-Jan-2021,10:15,32035.05
-,-,-,30300,-0.87,96.13,2.2,07-Jan-2021,10:15,32035.05
1581.6,0,0,30400,-0.93,91.38,2.25,07-Jan-2021,10:15,32035.05
1530,0,0,30500,-1.01,86.82,2.35,07-Jan-2021,10:15,32035.05
1413.45,0,0,30600,-1.16,82.83,2.6,07-Jan-2021,10:15,32035.05
1314.6,0,0,30700,-1.3,78.47,2.8,07-Jan-2021,10:15,32035.05
1215.75,0,0,30800,-1.53,74.64,3.2,07-Jan-2021,10:15,32035.05
1108.05,0,0,30900,-1.81,70.67,3.65,07-Jan-2021,10:15,32035.05
1016.4,0,0,31000,-2.1,66.28,4.05,07-Jan-2021,10:15,32035.05
915.75,0,0,31100,-2.53,62.21,4.7,07-Jan-2021,10:15,32035.05
820,0,0,31200,-3.13,58.24,5.6,07-Jan-2021,10:15,32035.05
723.5,0,0,31300,-4.01,54.47,6.95,07-Jan-2021,10:15,32035.05
628.65,0,0,31400,-5.32,50.92,9,07-Jan-2021,10:15,32035.05
530,0,0,31500,-7.14,47.23,11.8,07-Jan-2021,10:15,32035.05
435,0,0,31600,-9.87,43.6,16,07-Jan-2021,10:15,32035.05
342.25,28.37,93.59,31700,-14.35,40.65,23.55,07-Jan-2021,10:15,32035.05
255.1,29.89,84.47,31800,-21.64,38.74,37.7,07-Jan-2021,10:15,32035.05
181.3,31.63,71,31900,-32.14,37.87,62.45,07-Jan-2021,10:15,32035.05
119,31.97,55.87,32000,-44.98,37.84,101.2,07-Jan-2021,10:15,32035.05
73.95,32.82,40.35,32100,-58.16,38.69,155.85,07-Jan-2021,10:15,32035.05
44.3,34.07,27.16,32200,-69.4,40.72,226.1,07-Jan-2021,10:15,32035.05
26.4,35.76,17.54,32300,-77.62,43.83,308.1,07-Jan-2021,10:15,32035.05
15.85,37.68,11.12,32400,-82.95,48.17,398.25,07-Jan-2021,10:15,32035.05
9.9,39.96,7.14,32500,-86.1,53.82,493.65,07-Jan-2021,10:15,32035.05
6.2,42.11,4.57,32600,-85.74,66.2,601.6,07-Jan-2021,10:15,32035.05
4.15,44.64,3.06,32700,-90.32,64.07,686.7,07-Jan-2021,10:15,32035.05
3.2,48.03,2.28,32800,-87.32,83.57,805,07-Jan-2021,10:15,32035.05
2.55,51.44,1.76,32900,-89.5,86,897.55,07-Jan-2021,10:15,32035.05
2.35,55.76,1.52,33000,-89.72,94.79,1000,07-Jan-2021,10:15,32035.05
2.1,59.7,1.29,33100,-92.19,93.37,1089.55,07-Jan-2021,10:15,32035.05
1.85,63.37,1.09,33200,-,-,-,07-Jan-2021,10:15,32035.05
1.7,67.27,0.96,33300,-,-,-,07-Jan-2021,10:15,32035.05
1.6,71.26,0.86,33400,-,-,-,07-Jan-2021,10:15,32035.05
1.5,75.13,0.78,33500,-,-,-,07-Jan-2021,10:15,32035.05
1.35,78.55,0.68,33600,-,-,-,07-Jan-2021,10:15,32035.05
1.2,81.75,0.59,33700,-,-,-,07-Jan-2021,10:15,32035.05
1.25,86.37,0.58,33800,-,-,-,07-Jan-2021,10:15,32035.05
1.1,89.31,0.5,33900,-,-,-,07-Jan-2021,10:15,32035.05
1.05,92.96,0.46,34000,-,-,-,07-Jan-2021,10:15,32035.05
1.15,97.98,0.48,34100,-,-,-,07-Jan-2021,10:15,32035.05
1.05,101.08,0.43,34200,-,-,-,07-Jan-2021,10:15,32035.05
1.05,105.1,0.41,34300,-,-,-,07-Jan-2021,10:15,32035.05
1.05,109.09,0.4,34400,-,-,-,07-Jan-2021,10:15,32035.05
1,112.49,0.37,34500,-,-,-,07-Jan-2021,10:15,32035.05
1.1,117.55,0.39,34600,-,-,-,07-Jan-2021,10:15,32035.05
1,120.3,0.35,34700,-,-,-,07-Jan-2021,10:15,32035.05
-,-,-,23300,-0.06,406.93,0.5,07-Jan-2021,10:20,31964.15
-,-,-,23400,-0.06,404.78,0.55,07-Jan-2021,10:20,31964.15
-,-,-,23500,-0.08,407.41,0.7,07-Jan-2021,10:20,31964.15
-,-,-,26000,-0.14,287.77,0.9,07-Jan-2021,10:20,31964.15
-,-,-,26500,-0.14,260.53,0.8,07-Jan-2021,10:20,31964.15
-,-,-,26600,-0.17,260.87,1,07-Jan-2021,10:20,31964.15
-,-,-,27000,-0.16,237.84,0.85,07-Jan-2021,10:20,31964.15
-,-,-,27300,-0.14,219.67,0.7,07-Jan-2021,10:20,31964.15
-,-,-,27500,-0.2,217.26,1,07-Jan-2021,10:20,31964.15
-,-,-,27900,-0.2,196.2,0.9,07-Jan-2021,10:20,31964.15
-,-,-,28000,-0.23,194.29,1.05,07-Jan-2021,10:20,31964.15
-,-,-,28100,-0.26,191.2,1.15,07-Jan-2021,10:20,31964.15
-,-,-,28500,-0.27,171.31,1.1,07-Jan-2021,10:20,31964.15
-,-,-,28600,-0.3,168.01,1.2,07-Jan-2021,10:20,31964.15
-,-,-,28700,-0.3,162.54,1.15,07-Jan-2021,10:20,31964.15
-,-,-,28800,-0.33,159.12,1.25,07-Jan-2021,10:20,31964.15
-,-,-,28900,-0.35,154.96,1.3,07-Jan-2021,10:20,31964.15
-,-,-,29000,-0.35,149.55,1.25,07-Jan-2021,10:20,31964.15
-,-,-,29100,-0.42,147.57,1.5,07-Jan-2021,10:20,31964.15
-,-,-,29200,-0.42,142.21,1.45,07-Jan-2021,10:20,31964.15
-,-,-,29300,-0.44,137.87,1.5,07-Jan-2021,10:20,31964.15
-,-,-,29400,-0.47,133.5,1.55,07-Jan-2021,10:20,31964.15
-,-,-,29500,-0.53,129.96,1.7,07-Jan-2021,10:20,31964.15
2389.6,184.84,95.86,29600,-0.56,125.47,1.75,07-Jan-2021,10:20,31964.15
-,-,-,29700,-0.6,121.32,1.85,07-Jan-2021,10:20,31964.15
-,-,-,29800,-0.66,117.09,1.95,07-Jan-2021,10:20,31964.15
-,-,-,29900,-0.71,112.78,2.05,07-Jan-2021,10:20,31964.15
2021,190.48,91.84,30000,-0.74,107.77,2.05,07-Jan-2021,10:20,31964.15
1870.35,116.33,98.39,30100,-0.79,103.06,2.1,07-Jan-2021,10:20,31964.15
-,-,-,30200,-0.86,98.6,2.2,07-Jan-2021,10:20,31964.15
-,-,-,30300,-0.91,93.8,2.25,07-Jan-2021,10:20,31964.15
-,-,-,30400,-0.98,88.96,2.3,07-Jan-2021,10:20,31964.15
1520,151.33,90.23,30500,-1.08,84.54,2.45,07-Jan-2021,10:20,31964.15
-,-,-,30600,-1.24,80.41,2.7,07-Jan-2021,10:20,31964.15
1338.35,147.7,87.36,30700,-1.37,75.73,2.85,07-Jan-2021,10:20,31964.15
-,-,-,30800,-1.6,71.6,3.2,07-Jan-2021,10:20,31964.15
1125,122.84,87.51,30900,-1.86,67.23,3.55,07-Jan-2021,10:20,31964.15
1042.95,124.85,84.76,31000,-2.21,63,4.05,07-Jan-2021,10:20,31964.15
946,117.64,83.51,31100,-2.67,58.68,4.65,07-Jan-2021,10:20,31964.15
844,107.63,82.64,31200,-3.3,54.46,5.5,07-Jan-2021,10:20,31964.15
750.4,101.51,80.66,31300,-4.22,50.36,6.75,07-Jan-2021,10:20,31964.15
647.5,90.67,79.42,31400,-5.55,46.24,8.5,07-Jan-2021,10:20,31964.15
550.05,82.02,77.21,31500,-7.64,42.38,11.35,07-Jan-2021,10:20,31964.15
457.85,74.95,73.9,31600,-10.72,38.25,15.35,07-Jan-2021,10:20,31964.15
363.4,66.16,70.07,31700,-15.6,34.06,21.65,07-Jan-2021,10:20,31964.15
274.2,58.18,64.56,31800,-24.01,30.36,33.45,07-Jan-2021,10:20,31964.15
195.35,51.94,56.67,31900,-37.74,27.17,55.5,07-Jan-2021,10:20,31964.15
131.1,47.73,46.48,32000,-57.5,23.4,91.3,07-Jan-2021,10:20,31964.15
82.6,45.05,35.22,32100,-88.68,14.32,141,07-Jan-2021,10:20,31964.15
49.15,43.56,24.61,32200,0,0,208,07-Jan-2021,10:20,31964.15
28.4,43.18,16.14,32300,0,0,287.65,07-Jan-2021,10:20,31964.15
16.4,43.66,10.22,32400,0,0,375,07-Jan-2021,10:20,31964.15
9.95,45.06,6.54,32500,0,0,470,07-Jan-2021,10:20,31964.15
6.05,46.54,4.14,32600,0,0,567.25,07-Jan-2021,10:20,31964.15
4.15,49.01,2.85,32700,0,0,673.55,07-Jan-2021,10:20,31964.15
3.2,52.25,2.14,32800,0,0,769.15,07-Jan-2021,10:20,31964.15
2.7,56,1.73,32900,0,0,866.95,07-Jan-2021,10:20,31964.15
2.45,60.16,1.49,33000,-,-,-,07-Jan-2021,10:20,31964.15
2.15,63.9,1.25,33100,-,-,-,07-Jan-2021,10:20,31964.15
1.95,67.79,1.09,33200,0,0,1176,07-Jan-2021,10:20,31964.15
1.75,71.46,0.94,33300,-,-,-,07-Jan-2021,10:20,31964.15
1.65,75.47,0.85,33400,-,-,-,07-Jan-2021,10:20,31964.15
1.55,79.36,0.77,33500,-,-,-,07-Jan-2021,10:20,31964.15
1.4,82.78,0.67,33600,-,-,-,07-Jan-2021,10:20,31964.15
1.3,86.39,0.61,33700,-,-,-,07-Jan-2021,10:20,31964.15
1.2,89.85,0.54,33800,-,-,-,07-Jan-2021,10:20,31964.15
1.25,94.48,0.54,33900,-,-,-,07-Jan-2021,10:20,31964.15
1.1,97.31,0.47,34000,-,-,-,07-Jan-2021,10:20,31964.15
1.1,101.43,0.45,34100,-,-,-,07-Jan-2021,10:20,31964.15
1.05,104.99,0.42,34200,-,-,-,07-Jan-2021,10:20,31964.15
1.05,109.03,0.4,34300,-,-,-,07-Jan-2021,10:20,31964.15
1,112.48,0.37,34400,-,-,-,07-Jan-2021,10:20,31964.15
1,116.44,0.36,34500,-,-,-,07-Jan-2021,10:20,31964.15
1.15,122.12,0.4,34600,-,-,-,07-Jan-2021,10:20,31964.15
1,124.3,0.34,34700,-,-,-,07-Jan-2021,10:20,31964.15
-,-,-,23300,-0.06,406.93,0.5,07-Jan-2021,10:25,31964.15
-,-,-,23400,-0.06,404.78,0.55,07-Jan-2021,10:25,31964.15
-,-,-,23500,-0.08,407.41,0.7,07-Jan-2021,10:25,31964.15
-,-,-,26000,-0.14,287.77,0.9,07-Jan-2021,10:25,31964.15
-,-,-,26500,-0.14,260.53,0.8,07-Jan-2021,10:25,31964.15
-,-,-,25000,-0.12,341.3,0.9,07-Jan-2021,10:25,31964.15
-,-,-,25500,-0.13,315.88,0.9,07-Jan-2021,10:25,31964.15
-,-,-,26000,-0.14,290.83,0.9,07-Jan-2021,10:25,31964.15
-,-,-,26500,-0.14,263.36,0.8,07-Jan-2021,10:25,31964.15
-,-,-,27000,-0.17,241.74,0.9,07-Jan-2021,10:25,31964.15
-,-,-,27500,-0.22,221.75,1.1,07-Jan-2021,10:25,31964.15
-,-,-,27600,-0.23,217.8,1.15,07-Jan-2021,10:25,31964.15
-,-,-,27800,-0.23,207.17,1.1,07-Jan-2021,10:25,31964.15
-,-,-,28000,-0.24,197.5,1.1,07-Jan-2021,10:25,31964.15
-,-,-,28100,-0.22,190,0.95,07-Jan-2021,10:25,31964.15
-,-,-,28200,-0.19,182.28,0.8,07-Jan-2021,10:25,31964.15
-,-,-,28500,-0.26,172.68,1.05,07-Jan-2021,10:25,31964.15
-,-,-,28700,-0.29,163.9,1.1,07-Jan-2021,10:25,31964.15
-,-,-,28800,-0.33,161.19,1.25,07-Jan-2021,10:25,31964.15
-,-,-,28900,-0.35,157,1.3,07-Jan-2021,10:25,31964.15
2970,0,0,29000,-0.36,152.16,1.3,07-Jan-2021,10:25,31964.15
-,-,-,29100,-0.4,149.03,1.45,07-Jan-2021,10:25,31964.15
-,-,-,29200,-0.4,143.62,1.4,07-Jan-2021,10:25,31964.15
-,-,-,29300,-0.44,139.79,1.5,07-Jan-2021,10:25,31964.15
-,-,-,29400,-0.49,136.32,1.65,07-Jan-2021,10:25,31964.15
-,-,-,29500,-0.52,131.83,1.7,07-Jan-2021,10:25,31964.15
-,-,-,29600,-0.55,127.3,1.75,07-Jan-2021,10:25,31964.15
-,-,-,29700,-0.61,123.51,1.9,07-Jan-2021,10:25,31964.15
-,-,-,29800,-0.66,119.22,2,07-Jan-2021,10:25,31964.15
-,-,-,29900,-0.7,114.53,2.05,07-Jan-2021,10:25,31964.15
1970.1,0,0,30000,-0.76,110.12,2.15,07-Jan-2021,10:25,31964.15
1900,143.33,96.2,30100,-0.84,105.92,2.3,07-Jan-2021,10:25,31964.15
-,-,-,30200,-0.89,101.08,2.35,07-Jan-2021,10:25,31964.15
-,-,-,30300,-0.98,96.7,2.5,07-Jan-2021,10:25,31964.15
1607.25,133.2,94.5,30400,-1.05,91.76,2.55,07-Jan-2021,10:25,31964.15
1481.6,0,0,30500,-1.18,87.42,2.75,07-Jan-2021,10:25,31964.15
1378.15,0,0,30600,-1.33,83.14,3,07-Jan-2021,10:25,31964.15
1305.05,110.13,94.02,30700,-1.52,78.85,3.3,07-Jan-2021,10:25,31964.15
1185.95,72.3,98.51,30800,-1.8,74.97,3.8,07-Jan-2021,10:25,31964.15
1130.15,116.78,89.23,30900,-2.08,70.5,4.2,07-Jan-2021,10:25,31964.15
975.15,0,0,31000,-2.53,66.59,4.95,07-Jan-2021,10:25,31964.15
879.95,0,0,31100,-3.08,62.45,5.8,07-Jan-2021,10:25,31964.15
774.5,0,0,31200,-3.89,58.59,7.1,07-Jan-2021,10:25,31964.15
680.8,0,0,31300,-5.06,54.89,9,07-Jan-2021,10:25,31964.15
587.2,41.72,96.68,31400,-6.76,51.32,11.8,07-Jan-2021,10:25,31964.15
497.55,46.73,91.27,31500,-9.29,47.96,16.1,07-Jan-2021,10:25,31964.15
401.55,42.11,88.35,31600,-12.94,44.5,22.3,07-Jan-2021,10:25,31964.15
311.85,39.64,82.52,31700,-18.34,41.1,31.8,07-Jan-2021,10:25,31964.15
228.6,37.4,73.94,31800,-26.58,38.37,48.05,07-Jan-2021,10:25,31964.15
156.85,35.97,61.95,31900,-38.36,36.98,76.8,07-Jan-2021,10:25,31964.15
101.2,35.61,47.7,32000,-52.24,36.38,120.55,07-Jan-2021,10:25,31964.15
61.25,35.72,33.72,32100,-65.77,36.91,181.6,07-Jan-2021,10:25,31964.15
36,36.58,22.28,32200,-77.06,37.66,255.5,07-Jan-2021,10:25,31964.15
21.25,38.08,14.22,32300,-84.91,39.46,340.7,07-Jan-2021,10:25,31964.15
13.15,40.25,9.15,32400,-89.43,42.85,433.65,07-Jan-2021,10:25,31964.15
8.5,42.72,6.02,32500,-92.7,45.62,528.4,07-Jan-2021,10:25,31964.15
5.55,45.1,3.98,32600,-91.4,57.78,634.5,07-Jan-2021,10:25,31964.15
3.8,47.69,2.72,32700,-96.73,49.78,721.9,07-Jan-2021,10:25,31964.15
2.95,51.06,2.05,32800,0,0,799.25,07-Jan-2021,10:25,31964.15
2.45,54.74,1.63,32900,0,0,896.35,07-Jan-2021,10:25,31964.15
2.25,59.03,1.41,33000,-91.88,92.27,1043,07-Jan-2021,10:25,31964.15
2.1,63.33,1.25,33100,-,-,-,07-Jan-2021,10:25,31964.15
1.9,67.24,1.08,33200,-,-,-,07-Jan-2021,10:25,31964.15
1.75,71.18,0.95,33300,-,-,-,07-Jan-2021,10:25,31964.15
1.6,74.95,0.84,33400,-,-,-,07-Jan-2021,10:25,31964.15
1.5,78.85,0.75,33500,-,-,-,07-Jan-2021,10:25,31964.15
1.35,82.28,0.66,33600,-,-,-,07-Jan-2021,10:25,31964.15
1.15,85.09,0.55,33700,-,-,-,07-Jan-2021,10:25,31964.15
1.4,91.34,0.62,33800,-,-,-,07-Jan-2021,10:25,31964.15
1.15,93.58,0.51,33900,-,-,-,07-Jan-2021,10:25,31964.15
1.2,98.23,0.5,34000,-,-,-,07-Jan-2021,10:25,31964.15
1.25,102.86,0.5,34100,-,-,-,07-Jan-2021,10:25,31964.15
1.2,106.56,0.47,34200,-,-,-,07-Jan-2021,10:25,31964.15
1.2,110.68,0.45,34300,-,-,-,07-Jan-2021,10:25,31964.15
1.1,113.73,0.41,34400,-,-,-,07-Jan-2021,10:25,31964.15
-,-,-,23300,-0.06,414.35,0.5,07-Jan-2021,10:30,31983
-,-,-,23500,-0.08,417.21,0.75,07-Jan-2021,10:30,31983
-,-,-,24000,-0.09,392.75,0.8,07-Jan-2021,10:30,31983
-,-,-,24100,-0.13,399.72,1.15,07-Jan-2021,10:30,31983
-,-,-,24500,-0.12,373.58,1,07-Jan-2021,10:30,31983
-,-,-,25000,-0.12,345.78,0.95,07-Jan-2021,10:30,31983
-,-,-,25500,-0.14,321.5,1,07-Jan-2021,10:30,31983
-,-,-,26000,-0.15,296.04,1,07-Jan-2021,10:30,31983
-,-,-,26500,-0.17,270.93,1,07-Jan-2021,10:30,31983
-,-,-,27000,-0.19,247.25,1.05,07-Jan-2021,10:30,31983
-,-,-,27500,-0.22,224.57,1.15,07-Jan-2021,10:30,31983
-,-,-,28000,-0.24,199.18,1.1,07-Jan-2021,10:30,31983
-,-,-,28200,-0.19,183.83,0.8,07-Jan-2021,10:30,31983
-,-,-,28400,-0.28,181.33,1.2,07-Jan-2021,10:30,31983
-,-,-,28500,-0.26,174.15,1.05,07-Jan-2021,10:30,31983
-,-,-,28700,-0.3,166.03,1.15,07-Jan-2021,10:30,31983
-,-,-,28800,-0.35,163.85,1.35,07-Jan-2021,10:30,31983
-,-,-,28900,-0.35,158.34,1.3,07-Jan-2021,10:30,31983
-,-,-,29000,-0.36,153.47,1.3,07-Jan-2021,10:30,31983
-,-,-,29100,-0.38,149.18,1.35,07-Jan-2021,10:30,31983
-,-,-,29200,-0.42,145.39,1.45,07-Jan-2021,10:30,31983
-,-,-,29300,-0.44,140.99,1.5,07-Jan-2021,10:30,31983
-,-,-,29400,-0.48,137.03,1.6,07-Jan-2021,10:30,31983
-,-,-,29500,-0.5,132.08,1.6,07-Jan-2021,10:30,31983
-,-,-,29600,-0.55,128.4,1.75,07-Jan-2021,10:30,31983
-,-,-,29700,-0.57,123.41,1.75,07-Jan-2021,10:30,31983
-,-,-,29800,-0.64,119.54,1.9,07-Jan-2021,10:30,31983
-,-,-,29900,-0.68,114.85,1.95,07-Jan-2021,10:30,31983
1999.7,148.99,96.54,30000,-0.71,109.79,1.95,07-Jan-2021,10:30,31983
1875,0,0,30100,-0.78,105.67,2.1,07-Jan-2021,10:30,31983
-,-,-,30200,-0.85,101.13,2.2,07-Jan-2021,10:30,31983
-,-,-,30300,-0.87,95.72,2.15,07-Jan-2021,10:30,31983
1554.6,0,0,30400,-0.97,91.35,2.3,07-Jan-2021,10:30,31983
1495,109.28,96.66,30500,-1.07,86.87,2.45,07-Jan-2021,10:30,31983
-,-,-,30600,-1.23,82.69,2.7,07-Jan-2021,10:30,31983
-,-,-,30700,-1.43,78.68,3.05,07-Jan-2021,10:30,31983
1198.05,94.78,95.32,30800,-1.64,74.26,3.35,07-Jan-2021,10:30,31983
1095.5,84.77,95.66,30900,-1.99,70.47,3.95,07-Jan-2021,10:30,31983
998,81.48,94.68,31000,-2.42,66.52,4.65,07-Jan-2021,10:30,31983
905,81.91,92.53,31100,-2.95,62.35,5.45,07-Jan-2021,10:30,31983
804.4,74.14,92.07,31200,-3.69,58.34,6.6,07-Jan-2021,10:30,31983
705.45,67.68,91.07,31300,-4.78,54.5,8.3,07-Jan-2021,10:30,31983
610.9,64.05,88.72,31400,-6.41,50.89,10.9,07-Jan-2021,10:30,31983
512.85,57.24,86.9,31500,-8.79,47.34,14.75,07-Jan-2021,10:30,31983
419.1,52.25,83.49,31600,-12.34,43.84,20.55,07-Jan-2021,10:30,31983
327.7,47.16,78.73,31700,-17.6,40.3,29.35,07-Jan-2021,10:30,31983
243.7,43.37,71.29,31800,-25.57,37.01,43.65,07-Jan-2021,10:30,31983
168.75,40.15,60.98,31900,-37.46,34.86,69.4,07-Jan-2021,10:30,31983
108.7,38.23,47.99,32000,-52.35,33.36,109.95,07-Jan-2021,10:30,31983
66,37.6,34.5,32100,-68.14,31.9,166.25,07-Jan-2021,10:30,31983
38,37.67,22.85,32200,-81.81,30.9,239.35,07-Jan-2021,10:30,31983
21.6,38.53,14.37,32300,-93.03,27.79,322.6,07-Jan-2021,10:30,31983
12.95,40.35,9.08,32400,0,0,412,07-Jan-2021,10:30,31983
8.3,42.79,5.93,32500,0,0,506.3,07-Jan-2021,10:30,31983
5.3,45.03,3.85,32600,0,0,603,07-Jan-2021,10:30,31983
3.8,48.04,2.72,32700,0,0,712.05,07-Jan-2021,10:30,31983
3,51.57,2.07,32800,0,0,805.75,07-Jan-2021,10:30,31983
2.55,55.46,1.68,32900,-94.88,71.97,927.8,07-Jan-2021,10:30,31983
2.25,59.48,1.41,33000,0,0,1002.45,07-Jan-2021,10:30,31983
2.15,64.01,1.27,33100,-,-,-,07-Jan-2021,10:30,31983
2,68.2,1.12,33200,-,-,-,07-Jan-2021,10:30,31983
1.8,71.98,0.97,33300,-,-,-,07-Jan-2021,10:30,31983
1.7,76.09,0.88,33400,-,-,-,07-Jan-2021,10:30,31983
1.6,80.08,0.8,33500,-,-,-,07-Jan-2021,10:30,31983
1.45,83.61,0.7,33600,-,-,-,07-Jan-2021,10:30,31983
1.4,87.68,0.65,33700,-,-,-,07-Jan-2021,10:30,31983
1.3,91.29,0.58,33800,-,-,-,07-Jan-2021,10:30,31983
1.25,95.18,0.54,33900,-,-,-,07-Jan-2021,10:30,31983
1.15,98.55,0.49,34000,-,-,-,07-Jan-2021,10:30,31983
1.25,103.67,0.5,34100,-,-,-,07-Jan-2021,10:30,31983
1.2,107.4,0.47,34200,-,-,-,07-Jan-2021,10:30,31983
1.15,111.05,0.44,34300,-,-,-,07-Jan-2021,10:30,31983
1.1,114.63,0.41,34400,-,-,-,07-Jan-2021,10:30,31983
1,117.54,0.37,34500,-,-,-,07-Jan-2021,10:30,31983
1,121.55,0.35,34600,-,-,-,07-Jan-2021,10:30,31983
1.1,126.76,0.37,34700,-,-,-,07-Jan-2021,10:30,31983
-,-,-,23300,-0.05,413.84,0.45,07-Jan-2021,10:35,31966.4
-,-,-,23400,-0.07,420.59,0.65,07-Jan-2021,10:35,31966.4
-,-,-,23500,-0.09,422.34,0.8,07-Jan-2021,10:35,31966.4
-,-,-,24100,-0.14,403.94,1.2,07-Jan-2021,10:35,31966.4
-,-,-,24500,-0.08,362.64,0.65,07-Jan-2021,10:35,31966.4
-,-,-,25000,-0.11,342.93,0.8,07-Jan-2021,10:35,31966.4
-,-,-,25500,-0.14,323.54,1,07-Jan-2021,10:35,31966.4
-,-,-,26000,-0.15,297.87,1,07-Jan-2021,10:35,31966.4
-,-,-,26500,-0.14,268.59,0.85,07-Jan-2021,10:35,31966.4
-,-,-,27000,-0.16,243.9,0.85,07-Jan-2021,10:35,31966.4
-,-,-,27300,-0.14,225.28,0.7,07-Jan-2021,10:35,31966.4
-,-,-,27500,-0.2,222.81,1,07-Jan-2021,10:35,31966.4
-,-,-,27600,-0.22,219.87,1.1,07-Jan-2021,10:35,31966.4
-,-,-,27800,-0.21,208.1,1,07-Jan-2021,10:35,31966.4
-,-,-,28000,-0.22,198.34,1,07-Jan-2021,10:35,31966.4
-,-,-,28200,-0.23,188.61,1,07-Jan-2021,10:35,31966.4
-,-,-,28400,-0.28,181.38,1.15,07-Jan-2021,10:35,31966.4
-,-,-,28500,-0.25,174.08,1,07-Jan-2021,10:35,31966.4
-,-,-,28600,-0.29,171.6,1.15,07-Jan-2021,10:35,31966.4
-,-,-,28700,-0.3,166.72,1.15,07-Jan-2021,10:35,31966.4
-,-,-,28800,-0.31,161.84,1.15,07-Jan-2021,10:35,31966.4
-,-,-,28900,-0.32,156.97,1.15,07-Jan-2021,10:35,31966.4
-,-,-,29000,-0.35,153.41,1.25,07-Jan-2021,10:35,31966.4
-,-,-,29100,-0.36,148.51,1.25,07-Jan-2021,10:35,31966.4
-,-,-,29200,-0.41,145.33,1.4,07-Jan-2021,10:35,31966.4
-,-,-,29300,-0.48,142.91,1.65,07-Jan-2021,10:35,31966.4
-,-,-,29400,-0.43,135.45,1.4,07-Jan-2021,10:35,31966.4
-,-,-,29500,-0.5,132.43,1.6,07-Jan-2021,10:35,31966.4
-,-,-,29600,-0.52,127.44,1.6,07-Jan-2021,10:35,31966.4
-,-,-,29700,-0.59,124.08,1.8,07-Jan-2021,10:35,31966.4
-,-,-,29800,-0.63,119.4,1.85,07-Jan-2021,10:35,31966.4
-,-,-,29900,-0.67,114.68,1.9,07-Jan-2021,10:35,31966.4
1995.85,167.53,94.74,30000,-0.73,110.26,2,07-Jan-2021,10:35,31966.4
-,-,-,30100,-0.77,105.45,2.05,07-Jan-2021,10:35,31966.4
-,-,-,30200,-0.86,101.18,2.2,07-Jan-2021,10:35,31966.4
-,-,-,30300,-0.93,96.53,2.3,07-Jan-2021,10:35,31966.4
1589.65,132.1,94.76,30400,-1.03,92.04,2.45,07-Jan-2021,10:35,31966.4
1500,136.29,92.94,30500,-1.15,87.67,2.65,07-Jan-2021,10:35,31966.4
-,-,-,30600,-1.33,83.54,2.95,07-Jan-2021,10:35,31966.4
1290.45,112.12,93.78,30700,-1.57,79.7,3.4,07-Jan-2021,10:35,31966.4
1200,114.03,91.78,30800,-1.82,75.39,3.8,07-Jan-2021,10:35,31966.4
1092.1,99.46,92.69,30900,-2.16,71.21,4.35,07-Jan-2021,10:35,31966.4
1004.25,102.12,90.01,31000,-2.6,67.04,5.05,07-Jan-2021,10:35,31966.4
902,92.58,89.71,31100,-3.15,62.67,5.85,07-Jan-2021,10:35,31966.4
799.2,82.65,89.45,31200,-3.83,58.14,6.8,07-Jan-2021,10:35,31966.4
700,75.22,88.35,31300,-4.92,54.1,8.45,07-Jan-2021,10:35,31966.4
605.3,70.28,86.08,31400,-6.57,50.3,11,07-Jan-2021,10:35,31966.4
511.8,65.15,83.19,31500,-9.05,46.65,14.9,07-Jan-2021,10:35,31966.4
417.05,58.44,80,31600,-12.83,43.19,21.05,07-Jan-2021,10:35,31966.4
324.65,51.81,75.5,31700,-18.3,39.42,29.9,07-Jan-2021,10:35,31966.4
240.85,47.05,68.31,31800,-26.99,36.39,45.7,07-Jan-2021,10:35,31966.4
165.1,42.63,58.46,31900,-39.4,33.59,71.25,07-Jan-2021,10:35,31966.4
105.35,40.03,45.9,32000,-55.34,31.26,111.75,07-Jan-2021,10:35,31966.4
62.4,38.63,32.71,32100,-72.64,28.89,169.35,07-Jan-2021,10:35,31966.4
35.3,38.42,21.41,32200,-89.45,24.41,242,07-Jan-2021,10:35,31966.4
20.3,39.45,13.5,32300,0,0,325.25,07-Jan-2021,10:35,31966.4
12.15,41.24,8.52,32400,0,0,417.15,07-Jan-2021,10:35,31966.4
7.65,43.49,5.49,32500,0,0,512.55,07-Jan-2021,10:35,31966.4
5,45.93,3.63,32600,0,0,610.5,07-Jan-2021,10:35,31966.4
3.7,49.18,2.62,32700,0,0,703.5,07-Jan-2021,10:35,31966.4
2.95,52.78,2.02,32800,0,0,799.85,07-Jan-2021,10:35,31966.4
2.6,56.97,1.68,32900,0,0,899.15,07-Jan-2021,10:35,31966.4
2.4,61.38,1.47,33000,0,0,1009.55,07-Jan-2021,10:35,31966.4
2.15,65.4,1.26,33100,-,-,-,07-Jan-2021,10:35,31966.4
2,69.61,1.11,33200,-,-,-,07-Jan-2021,10:35,31966.4
1.85,73.66,0.99,33300,-,-,-,07-Jan-2021,10:35,31966.4
1.75,77.82,0.89,33400,-,-,-,07-Jan-2021,10:35,31966.4
1.65,81.85,0.81,33500,-,-,-,07-Jan-2021,10:35,31966.4
1.45,85.1,0.69,33600,-,-,-,07-Jan-2021,10:35,31966.4
1.35,88.83,0.63,33700,-,-,-,07-Jan-2021,10:35,31966.4
1.4,93.61,0.62,33800,-,-,-,07-Jan-2021,10:35,31966.4
1.25,96.75,0.54,33900,-,-,-,07-Jan-2021,10:35,31966.4
1.25,101.05,0.52,34000,-,-,-,07-Jan-2021,10:35,31966.4
1.3,105.76,0.52,34100,-,-,-,07-Jan-2021,10:35,31966.4
1.2,109.06,0.47,34200,-,-,-,07-Jan-2021,10:35,31966.4
1.2,113.25,0.45,34300,-,-,-,07-Jan-2021,10:35,31966.4
1.1,116.34,0.41,34400,-,-,-,07-Jan-2021,10:35,31966.4
1.05,119.87,0.38,34500,-,-,-,07-Jan-2021,10:35,31966.4
1.1,124.52,0.38,34600,-,-,-,07-Jan-2021,10:35,31966.4
1.1,128.57,0.37,34700,-,-,-,07-Jan-2021,10:35,31966.4
